"Index","Date","Data"
0,"2009-05-04",2.52425920892002
1,"2009-05-05",-0.623047163256974
2,"2009-05-06",1.78308490537791
3,"2009-05-07",-1.5869738905337
4,"2009-05-08",2.14516418825394
5,"2009-05-11",-2.10262174721504
6,"2009-05-12",-0.229602056300718
7,"2009-05-13",-2.34650455452593
8,"2009-05-14",1.23189712035052
9,"2009-05-15",-1.44252403928384
10,"2009-05-18",2.40485457986876
11,"2009-05-19",-0.339201265013996
12,"2009-05-20",-0.794518270047582
13,"2009-05-21",-1.83413998967087
14,"2009-05-22",-0.304772964595651
15,"2009-05-26",2.2443190197351
16,"2009-05-27",-1.96663378388973
17,"2009-05-28",1.64971699432874
18,"2009-05-29",1.51193224834951
19,"2009-06-01",2.22356340069936
20,"2009-06-02",0.206590858569792
21,"2009-06-03",-1.62742863400529
22,"2009-06-04",1.33655846731763
23,"2009-06-05",-0.449253088379313
24,"2009-06-08",-0.234223294354046
25,"2009-06-09",0.42402936647804
26,"2009-06-10",-0.581546034448099
27,"2009-06-11",0.768421571121969
28,"2009-06-12",0.120656863766447
29,"2009-06-15",-2.21131450251614
30,"2009-06-16",-1.54957806848831
31,"2009-06-17",-0.288080836086825
32,"2009-06-18",1.03448957031507
33,"2009-06-19",0.369312126936542
34,"2009-06-22",-2.48784279648097
35,"2009-06-23",0.253602286285799
36,"2009-06-24",0.818825622474573
37,"2009-06-25",2.01588878689469
38,"2009-06-26",-0.301978615996507
39,"2009-06-29",1.10369845594846
40,"2009-06-30",-1.17565332640064
41,"2009-07-01",0.542004930549389
42,"2009-07-02",-2.43448098405138
43,"2009-07-06",0.291000304713782
44,"2009-07-07",-2.0063564406896
45,"2009-07-08",-0.32941121652121
46,"2009-07-09",0.430177174818668
47,"2009-07-10",-0.653327757529611
48,"2009-07-13",2.18464246381611
49,"2009-07-14",0.667928217976735
50,"2009-07-15",2.37683493519898
51,"2009-07-16",1.05922426637344
52,"2009-07-17",-0.142220418513958
53,"2009-07-20",1.33189910418724
54,"2009-07-21",0.441326574016378
55,"2009-07-22",-0.1645163568308
56,"2009-07-23",2.10832373724271
57,"2009-07-24",0.359100390553556
58,"2009-07-27",0.350529163249336
59,"2009-07-28",-0.462042757856357
60,"2009-07-29",-0.723198046159798
61,"2009-07-30",1.37287467087708
62,"2009-07-31",0.0236361935308699
63,"2009-08-03",1.64426116849206
64,"2009-08-04",0.354831481505764
65,"2009-08-05",-0.504532457530661
66,"2009-08-06",-0.854626009745332
67,"2009-08-07",1.50121430764082
68,"2009-08-10",-0.563319300154317
69,"2009-08-11",-1.54483635967203
70,"2009-08-12",1.34025715812798
71,"2009-08-13",0.861332436693871
72,"2009-08-14",-1.1757132245795
73,"2009-08-17",-2.23371254098764
74,"2009-08-18",1.21205257190048
75,"2009-08-19",0.859071567483035
76,"2009-08-20",1.28801070251659
77,"2009-08-21",1.85826918142502
78,"2009-08-24",-0.166208689758177
79,"2009-08-25",0.262682883863657
80,"2009-08-26",-0.0685358854598312
81,"2009-08-27",0.321994783683639
82,"2009-08-28",-0.375083364776322
83,"2009-08-31",-1.12909899304873
84,"2009-09-01",-2.13310781114147
85,"2009-09-02",-0.556761868556319
86,"2009-09-03",1.04780328543733
87,"2009-09-04",1.47543538665312
88,"2009-09-08",1.0807119944982
89,"2009-09-09",0.965315947393325
90,"2009-09-10",1.23863934419675
91,"2009-09-11",-0.28357766247221
92,"2009-09-14",0.796326825074433
93,"2009-09-15",0.372305058975746
94,"2009-09-16",1.64293784881803
95,"2009-09-17",-0.524555274418473
96,"2009-09-18",0.301292941796733
97,"2009-09-21",-0.571726801392029
98,"2009-09-22",0.824907031686009
99,"2009-09-23",-1.32395972618635
100,"2009-09-24",-1.27179429259947
101,"2009-09-25",-0.909909621595472
102,"2009-09-28",1.80861646419102
103,"2009-09-29",-0.40924149046259
104,"2009-09-30",-0.561070399848566
105,"2009-10-01",-2.29928427009728
106,"2009-10-02",-0.715872357568788
107,"2009-10-05",1.61057226730211
108,"2009-10-06",1.52218846457222
109,"2009-10-07",0.311948950639585
110,"2009-10-08",0.929937838369191
111,"2009-10-09",0.709428851944704
112,"2009-10-12",0.545300746098596
113,"2009-10-13",-0.487166244354096
114,"2009-10-14",1.79206466204993
115,"2009-10-15",0.514293007861821
116,"2009-10-16",-1.13134661273407
117,"2009-10-19",1.13859860889814
118,"2009-10-20",-0.927198158158983
119,"2009-10-21",-1.20797577125095
120,"2009-10-22",1.25959544026821
121,"2009-10-23",-1.50630172889509
122,"2009-10-26",-1.46836917890597
123,"2009-10-27",-0.559649874702351
124,"2009-10-28",-1.99851247914548
125,"2009-10-29",2.07069280241362
126,"2009-10-30",-2.393132807312
127,"2009-11-02",0.810593622333386
128,"2009-11-03",0.27085349739204
129,"2009-11-04",0.0684013095753178
130,"2009-11-05",1.89436214159805
131,"2009-11-06",0.281999363240716
132,"2009-11-09",2.05662229038201
133,"2009-11-10",-0.095235501297563
134,"2009-11-11",0.631038829338364
135,"2009-11-12",-1.34141512473934
136,"2009-11-13",0.72190047089969
137,"2009-11-16",1.58045714544461
138,"2009-11-17",0.0501965761752044
139,"2009-11-18",-0.154810686422033
140,"2009-11-19",-1.60396249442074
141,"2009-11-20",-0.54571163373555
142,"2009-11-23",1.51515868462143
143,"2009-11-24",-0.164373938640602
144,"2009-11-25",0.561130235343117
145,"2009-11-27",-1.86385990089345
146,"2009-11-30",0.464298945690683
147,"2009-12-01",1.38842981398219
148,"2009-12-02",-0.0351160008419994
149,"2009-12-03",-1.162601808366
150,"2009-12-04",0.692735324893839
151,"2009-12-07",-0.44278171013331
152,"2009-12-08",-1.34070687861135
153,"2009-12-09",0.447592348569074
154,"2009-12-10",0.734529623893919
155,"2009-12-11",0.449080422046616
156,"2009-12-14",0.870704750101696
157,"2009-12-15",-0.845267376533816
158,"2009-12-16",0.0810406686978708
159,"2009-12-17",-1.47612440749926
160,"2009-12-18",0.7332968706426
161,"2009-12-21",1.24638998386687
162,"2009-12-22",0.432453593394976
163,"2009-12-23",0.252433757015296
164,"2009-12-24",0.660194930695106
165,"2009-12-28",0.0848555567065851
166,"2009-12-29",-0.290896440670264
167,"2009-12-30",-0.0568994872790718
168,"2009-12-31",-1.32221721545446
169,"2010-01-04",1.69322481008114
170,"2010-01-05",0.369521589755571
171,"2010-01-06",-0.00510517804662953
172,"2010-01-07",0.492949659377161
173,"2010-01-08",0.336273866797276
174,"2010-01-11",0.172017168718432
175,"2010-01-12",-1.25938637963756
176,"2010-01-13",1.02528332024651
177,"2010-01-14",0.270914619344382
178,"2010-01-15",-1.39182135119978
179,"2010-01-19",1.42451370909103
180,"2010-01-20",-1.37188190656097
181,"2010-01-21",-1.96514391460204
182,"2010-01-22",-2.13395216202557
183,"2010-01-25",0.5737033328574
184,"2010-01-26",-0.676957583005537
185,"2010-01-27",0.611110896545322
186,"2010-01-28",-1.47671512275018
187,"2010-01-29",-1.30177966167881
188,"2010-02-01",1.56529814036652
189,"2010-02-02",1.46368758437336
190,"2010-02-03",-0.836477912476045
191,"2010-02-04",-2.50699257156961
192,"2010-02-05",0.338468649855299
193,"2010-02-08",-1.20891500889602
194,"2010-02-09",1.4691589909663
195,"2010-02-10",-0.409664206681909
196,"2010-02-11",1.16628982927018
197,"2010-02-12",-0.48121633665904
198,"2010-02-16",1.82047532879036
199,"2010-02-17",0.525231739594756
200,"2010-02-18",0.826095667699702
201,"2010-02-19",0.236182892627682
202,"2010-02-22",-0.239366517670333
203,"2010-02-23",-1.50014260003187
204,"2010-02-24",1.17027880194947
205,"2010-02-25",-0.388241949262226
206,"2010-02-26",0.121890823733688
207,"2010-03-01",1.21329823188842
208,"2010-03-02",0.257036471238582
209,"2010-03-03",-0.0223172118593872
210,"2010-03-04",0.456431158931469
211,"2010-03-05",1.54558453248514
212,"2010-03-08",-0.111706900121227
213,"2010-03-09",0.167033375968652
214,"2010-03-10",0.563869372747758
215,"2010-03-11",0.498469739261461
216,"2010-03-12",-0.11786444173723
217,"2010-03-15",-0.0189147937259711
218,"2010-03-16",0.964949272670907
219,"2010-03-17",0.732266957647198
220,"2010-03-18",-0.133854721175861
221,"2010-03-19",-0.788950084815105
222,"2010-03-22",0.639306521195382
223,"2010-03-23",0.895469038214493
224,"2010-03-24",-0.83877899965149
225,"2010-03-25",-0.33452095968735
226,"2010-03-26",0.0233316333024171
227,"2010-03-29",0.714820209162488
228,"2010-03-30",-0.0794824995835551
229,"2010-03-31",-0.553571532901166
230,"2010-04-01",0.923515238679407
231,"2010-04-05",0.981574901601237
232,"2010-04-06",0.162864585621324
233,"2010-04-07",-0.884706349110775
234,"2010-04-08",0.405987754867717
235,"2010-04-09",0.837996645682488
236,"2010-04-12",0.174924511003158
237,"2010-04-13",0.0155916007940467
238,"2010-04-14",1.30647057816773
239,"2010-04-15",0.0388331109206257
240,"2010-04-16",-1.79360684456066
241,"2010-04-19",0.563436912184719
242,"2010-04-20",0.996009175056877
243,"2010-04-21",-0.235453655671132
244,"2010-04-22",0.247393539478704
245,"2010-04-23",0.889941992820042
246,"2010-04-26",-0.68902390150277
247,"2010-04-27",-2.19340730507374
248,"2010-04-28",0.811362718766464
249,"2010-04-29",1.46126022174377
250,"2010-04-30",-1.82717575818134
251,"2010-05-03",1.4756824460056
252,"2010-05-04",-2.21452234314147
253,"2010-05-05",-0.96710130602757
254,"2010-05-06",-2.54877205862823
255,"2010-05-07",-1.73902802233442
256,"2010-05-10",2.80678474294995
257,"2010-05-11",-0.570379218203319
258,"2010-05-12",1.52484602291977
259,"2010-05-13",-1.50358871475748
260,"2010-05-14",-1.9568898466155
261,"2010-05-17",0.0782565965869588
262,"2010-05-18",-1.66090505446469
263,"2010-05-19",-0.794370325267599
264,"2010-05-20",-2.7516504576328
265,"2010-05-21",1.62144216457342
266,"2010-05-24",-1.56426054142065
267,"2010-05-25",-0.0334532482225276
268,"2010-05-26",-0.858989484949289
269,"2010-05-27",2.49161874671363
270,"2010-05-28",-1.52212646212397
271,"2010-06-01",-1.85964733252282
272,"2010-06-02",2.22464916678755
273,"2010-06-03",0.499817905502788
274,"2010-06-04",-2.61611223174201
275,"2010-06-07",-1.61196260609019
276,"2010-06-08",1.29053050647088
277,"2010-06-09",-0.892389687450744
278,"2010-06-10",2.37221900083465
279,"2010-06-11",0.544398806159203
280,"2010-06-14",-0.348905028316466
281,"2010-06-15",2.11811188162662
282,"2010-06-16",-0.167697620421335
283,"2010-06-17",0.103868372412081
284,"2010-06-18",0.108896315654647
285,"2010-06-21",-0.631650273831505
286,"2010-06-22",-1.78995588494073
287,"2010-06-23",-0.514402372447159
288,"2010-06-24",-1.83704018419244
289,"2010-06-25",0.33308297544739
290,"2010-06-28",-0.38156171764472
291,"2010-06-29",-2.5026396297579
292,"2010-06-30",-1.32804269192052
293,"2010-07-01",-0.549176491646901
294,"2010-07-02",-0.735824415096287
295,"2010-07-06",0.673462272413911
296,"2010-07-07",2.43857721459695
297,"2010-07-08",1.13934525624162
298,"2010-07-09",0.899294943972453
299,"2010-07-12",0.0226184803011349
300,"2010-07-13",1.64687592684726
301,"2010-07-14",-0.108687871508063
302,"2010-07-15",0.0910550342264161
303,"2010-07-16",-2.42219814640037
304,"2010-07-19",0.752296239718828
305,"2010-07-20",1.33055524618333
306,"2010-07-21",-1.55738138609875
307,"2010-07-22",2.07036550858921
308,"2010-07-23",1.01375431813876
309,"2010-07-26",1.31102871664456
310,"2010-07-27",-0.239876180828253
311,"2010-07-28",-1.00485017860026
312,"2010-07-29",-0.671169358744107
313,"2010-07-30",-0.0764029146432376
314,"2010-08-02",2.04568067774967
315,"2010-08-03",-0.75273936501683
316,"2010-08-04",0.760896288128842
317,"2010-08-05",-0.271718247752844
318,"2010-08-06",-0.611421284937201
319,"2010-08-09",0.689367028023264
320,"2010-08-10",-0.895424651263311
321,"2010-08-11",-2.39757566471799
322,"2010-08-12",-0.824862698512092
323,"2010-08-13",-0.653556111996395
324,"2010-08-16",-0.0679842030954383
325,"2010-08-17",1.39846910093662
326,"2010-08-18",0.13327655412864
327,"2010-08-19",-1.8453287342459
328,"2010-08-20",-0.605967527094625
329,"2010-08-23",-0.65574475811974
330,"2010-08-24",-1.6836173724074
331,"2010-08-25",0.394040196348672
332,"2010-08-26",-1.08792194773586
333,"2010-08-27",1.72988929743031
334,"2010-08-30",-1.69824402426757
335,"2010-08-31",-0.0280000623259197
336,"2010-09-01",2.37213738512719
337,"2010-09-02",1.10532517135493
338,"2010-09-03",1.48362005088633
339,"2010-09-07",-1.4477018058512
340,"2010-09-08",0.808445752029794
341,"2010-09-09",0.604798339289818
342,"2010-09-10",0.608894205140104
343,"2010-09-13",1.30469714527158
344,"2010-09-14",-0.190755805848603
345,"2010-09-15",0.429328449444453
346,"2010-09-16",-0.139523815306514
347,"2010-09-17",0.0365141238191969
348,"2010-09-20",1.63480800174369
349,"2010-09-21",-0.456134647809178
350,"2010-09-22",-0.756401974137647
351,"2010-09-23",-1.15537959279261
352,"2010-09-24",2.00276774476972
353,"2010-09-27",-0.859761612508182
354,"2010-09-28",0.607186686343202
355,"2010-09-29",-0.459441673890839
356,"2010-09-30",-0.527845435418714
357,"2010-10-01",0.549350871599165
358,"2010-10-04",-1.12478448161708
359,"2010-10-05",1.98504132476212
360,"2010-10-06",-0.184729830859209
361,"2010-10-07",-0.326251137280515
362,"2010-10-08",0.769703750848813
363,"2010-10-11",-0.0642323716508096
364,"2010-10-12",0.467857088742739
365,"2010-10-13",0.889650392779296
366,"2010-10-14",-0.603085121857528
367,"2010-10-15",0.213031961281909
368,"2010-10-18",0.903916950635539
369,"2010-10-19",-1.77722690414976
370,"2010-10-20",1.24831542265884
371,"2010-10-21",0.175993185098476
372,"2010-10-22",0.265544475760156
373,"2010-10-25",0.230421888280258
374,"2010-10-26",-0.0832905571726412
375,"2010-10-27",-0.473732435024496
376,"2010-10-28",0.0805416962536496
377,"2010-10-29",-0.150552542074697
378,"2010-11-01",0.0542057973121967
379,"2010-11-02",0.962723203006403
380,"2010-11-03",0.448381063911056
381,"2010-11-04",1.89710329489811
382,"2010-11-05",0.48218287663591
383,"2010-11-08",-0.393895390298891
384,"2010-11-09",-1.12659247136657
385,"2010-11-10",0.543913708489975
386,"2010-11-11",-0.68200162841617
387,"2010-11-12",-1.47594844509052
388,"2010-11-15",-0.26430940195976
389,"2010-11-16",-1.79874578703091
390,"2010-11-17",-0.0544249429199765
391,"2010-11-18",1.64534300570046
392,"2010-11-19",0.287347441661883
393,"2010-11-22",-0.316026374600318
394,"2010-11-23",-1.6672682793877
395,"2010-11-24",1.61407266300195
396,"2010-11-26",-1.06476304663917
397,"2010-11-29",-0.287689050547609
398,"2010-11-30",-0.907506853037175
399,"2010-12-01",2.02486787100231
400,"2010-12-02",1.45103148395283
401,"2010-12-03",0.296392478523453
402,"2010-12-06",-0.276023518731351
403,"2010-12-07",-0.0096095118104972
404,"2010-12-08",0.451669860025211
405,"2010-12-09",0.47116722021942
406,"2010-12-10",0.754753456301282
407,"2010-12-13",-0.0786459830416273
408,"2010-12-14",0.0489476885827659
409,"2010-12-15",-0.793405033838476
410,"2010-12-16",0.777449451095568
411,"2010-12-17",0.0379851502250526
412,"2010-12-20",0.288496455435177
413,"2010-12-21",0.758289520733019
414,"2010-12-22",0.406719453303158
415,"2010-12-23",-0.325936675333091
416,"2010-12-27",0.00483476124955679
417,"2010-12-28",0.0283016241396694
418,"2010-12-29",0.0634567915278943
419,"2010-12-30",-0.306359414061744
420,"2010-12-31",-0.113947988197212
421,"2011-01-03",1.32140801821777
422,"2011-01-04",-0.278170069395144
423,"2011-01-05",0.627793044463723
424,"2011-01-06",-0.394178447915855
425,"2011-01-07",-0.354635579735427
426,"2011-01-10",-0.287323153023164
427,"2011-01-11",0.454908682042327
428,"2011-01-12",1.0977203446898
429,"2011-01-13",-0.335463748032228
430,"2011-01-14",0.920157342002297
431,"2011-01-18",0.117626733012177
432,"2011-01-19",-1.32828901334896
433,"2011-01-20",-0.275548475916875
434,"2011-01-21",0.269054243818574
435,"2011-01-24",0.734099919708124
436,"2011-01-25",-0.0468376083995928
437,"2011-01-26",0.522917431110383
438,"2011-01-27",0.24455503019314
439,"2011-01-28",-1.90147598721207
440,"2011-01-31",0.951827822873245
441,"2011-02-01",1.73697242412508
442,"2011-02-02",-0.478159321556153
443,"2011-02-03",0.260474498003792
444,"2011-02-04",0.336635406051133
445,"2011-02-07",0.784218487263914
446,"2011-02-08",0.518005001012373
447,"2011-02-09",-0.486911034734254
448,"2011-02-10",0.025072562297137
449,"2011-02-11",0.692472125399244
450,"2011-02-14",0.264917933265883
451,"2011-02-15",-0.548424753394831
452,"2011-02-16",0.786335874739501
453,"2011-02-17",0.363856536301236
454,"2011-02-18",0.19804281894835
455,"2011-02-22",-2.05181997483304
456,"2011-02-23",-0.912391940527081
457,"2011-02-24",-0.231865221409031
458,"2011-02-25",1.25081752486444
459,"2011-02-28",0.699319837653879
460,"2011-03-01",-1.76809559558185
461,"2011-03-02",0.152729308161407
462,"2011-03-03",1.77122685327188
463,"2011-03-04",-1.054976683595
464,"2011-03-07",-1.15639108367994
465,"2011-03-08",1.08886903725306
466,"2011-03-09",-0.285208570059193
467,"2011-03-10",-1.9609381522299
468,"2011-03-11",0.884918897900398
469,"2011-03-14",-0.905057514738154
470,"2011-03-15",-1.42460968050838
471,"2011-03-16",-1.99597080070279
472,"2011-03-17",1.49795754447855
473,"2011-03-18",0.535017096751865
474,"2011-03-21",1.61864691886408
475,"2011-03-22",-0.590958516450194
476,"2011-03-23",0.340871700878546
477,"2011-03-24",1.13203042194315
478,"2011-03-25",0.375953567199285
479,"2011-03-28",-0.481665332013737
480,"2011-03-29",0.882523708495099
481,"2011-03-30",0.838092366627824
482,"2011-03-31",-0.352453681266047
483,"2011-04-01",0.622001903077359
484,"2011-04-04",-0.0347445061688376
485,"2011-04-05",-0.112364683653965
486,"2011-04-06",0.235755213201206
487,"2011-04-07",-0.308057605713687
488,"2011-04-08",-0.651051679940124
489,"2011-04-11",-0.48796318258687
490,"2011-04-12",-1.09767461312318
491,"2011-04-13",-0.0576675856799992
492,"2011-04-14",-0.0734209552398738
493,"2011-04-15",0.482548520757718
494,"2011-04-18",-1.40883894755128
495,"2011-04-19",0.720875777552532
496,"2011-04-20",1.50721361323832
497,"2011-04-21",0.66285878294894
498,"2011-04-25",-0.318514777846068
499,"2011-04-26",1.09480489443515
500,"2011-04-27",0.785405465526436
501,"2011-04-28",0.43132092678433
502,"2011-04-29",0.252724059251094
503,"2011-05-02",-0.341474098796582
504,"2011-05-03",-0.567954887959873
505,"2011-05-04",-0.99740835853375
506,"2011-05-05",-1.22923639679383
507,"2011-05-06",0.468017578789227
508,"2011-05-09",0.566494174946281
509,"2011-05-10",0.997739574266433
510,"2011-05-11",-1.4169527584513
511,"2011-05-12",0.613123797298819
512,"2011-05-13",-1.12815551434498
513,"2011-05-16",-0.923166674072923
514,"2011-05-17",-0.140144742393243
515,"2011-05-18",1.07638337969493
516,"2011-05-19",0.234921995867872
517,"2011-05-20",-1.08829233973403
518,"2011-05-23",-1.48562391051085
519,"2011-05-24",-0.20748132434295
520,"2011-05-25",0.379067273126463
521,"2011-05-26",0.486354094868588
522,"2011-05-27",0.503855306999782
523,"2011-05-31",1.25480323860079
524,"2011-06-01",-2.16517548758604
525,"2011-06-02",-0.265383102246769
526,"2011-06-03",-1.29285235422846
527,"2011-06-06",-1.38627956676723
528,"2011-06-07",-0.226327920198786
529,"2011-06-08",-0.674839347273982
530,"2011-06-09",0.919347073827872
531,"2011-06-10",-1.64517310138807
532,"2011-06-13",0.0131290725199239
533,"2011-06-14",1.43389638665773
534,"2011-06-15",-1.87603966355814
535,"2011-06-16",0.173127255424006
536,"2011-06-17",0.359505560188029
537,"2011-06-20",0.678109174054917
538,"2011-06-21",1.49996511515091
539,"2011-06-22",-0.953628887477277
540,"2011-06-23",-0.492741336065733
541,"2011-06-24",-1.46907439113286
542,"2011-06-27",1.11602357902549
543,"2011-06-28",1.46135230644603
544,"2011-06-29",1.0205918553068
545,"2011-06-30",1.20948822883539
546,"2011-07-01",1.57611730035208
547,"2011-07-05",-0.281516205133756
548,"2011-07-06",0.0623361798134244
549,"2011-07-07",1.24164966023161
550,"2011-07-08",-1.00920746765422
551,"2011-07-11",-1.91563577334714
552,"2011-07-12",-0.706657232024246
553,"2011-07-13",0.368128695784753
554,"2011-07-14",-0.981773627184282
555,"2011-07-15",0.698471711621419
556,"2011-07-18",-1.13464639902224
557,"2011-07-19",1.71126109892628
558,"2011-07-20",-0.184558072338105
559,"2011-07-21",1.50968067758698
560,"2011-07-22",0.0484887528384098
561,"2011-07-25",-0.85683152181192
562,"2011-07-26",-0.66418625334929
563,"2011-07-27",-2.04015757204549
564,"2011-07-28",-0.548296688988406
565,"2011-07-29",-0.951576992284933
566,"2011-08-01",-0.667745542389288
567,"2011-08-02",-2.29062685808078
568,"2011-08-03",0.628907278475221
569,"2011-08-04",-2.97229570816309
570,"2011-08-05",-0.170485141226636
571,"2011-08-08",-3.32380049167035
572,"2011-08-09",2.88653092640839
573,"2011-08-10",-2.88651379194033
574,"2011-08-11",2.86132030406086
575,"2011-08-12",0.660905691321032
576,"2011-08-15",2.03351877392411
577,"2011-08-16",-1.29329690151324
578,"2011-08-17",0.0543319170030596
579,"2011-08-18",-2.89722772230162
580,"2011-08-19",-1.71846801370181
581,"2011-08-22",-0.0476395085003741
582,"2011-08-23",2.53766231189384
583,"2011-08-24",1.47563273152113
584,"2011-08-25",-1.75644093634752
585,"2011-08-26",1.62846835159369
586,"2011-08-29",2.32507418881003
587,"2011-08-30",0.259436430516537
588,"2011-08-31",0.616616061406758
589,"2011-09-01",-1.48115753285685
590,"2011-09-02",-2.27879996042277
591,"2011-09-06",-1.06128027576906
592,"2011-09-07",2.33938120556439
593,"2011-09-08",-1.37316001045739
594,"2011-09-09",-2.33876468431838
595,"2011-09-12",0.871448575927812
596,"2011-09-13",1.10938314277037
597,"2011-09-14",1.50443342551501
598,"2011-09-15",1.76917230621305
599,"2011-09-16",0.717786094617121
600,"2011-09-19",-1.29929602424573
601,"2011-09-20",-0.328330531900521
602,"2011-09-21",-2.4436807132369
603,"2011-09-22",-2.53276182909948
604,"2011-09-23",0.76472438907534
605,"2011-09-26",2.11055580504931
606,"2011-09-27",1.26379786719222
607,"2011-09-28",-2.06036807082489
608,"2011-09-29",1.00216301309246
609,"2011-09-30",-2.26539845381838
610,"2011-10-03",-2.40810679615414
611,"2011-10-04",2.06912481672679
612,"2011-10-05",1.81210555261443
613,"2011-10-06",1.83903018551768
614,"2011-10-07",-1.13810354420987
615,"2011-10-10",2.53254099875372
616,"2011-10-11",-0.00532969917189951
617,"2011-10-12",1.17765276694616
618,"2011-10-13",-0.512783890265756
619,"2011-10-14",1.78155071721145
620,"2011-10-17",-1.98903117547918
621,"2011-10-18",1.96104987451462
622,"2011-10-19",-1.54396992674522
623,"2011-10-20",0.567834219097791
624,"2011-10-21",1.86934173314788
625,"2011-10-24",1.45550399239328
626,"2011-10-25",-2.02600491968885
627,"2011-10-26",1.2494966821293
628,"2011-10-27",2.53787186126862
629,"2011-10-28",-0.0282316300939512
630,"2011-10-31",-2.25498602339789
631,"2011-11-01",-2.38834405936202
632,"2011-11-02",1.6974122030416
633,"2011-11-03",1.86774340593193
634,"2011-11-04",-0.93193928859352
635,"2011-11-07",0.791027407712351
636,"2011-11-08",1.35888201766056
637,"2011-11-09",-2.68612474266576
638,"2011-11-10",1.05735189157387
639,"2011-11-11",1.90848759814382
640,"2011-11-14",-1.27551209237061
641,"2011-11-15",0.602800310321173
642,"2011-11-16",-1.8251734439385
643,"2011-11-17",-1.83681624930404
644,"2011-11-18",-0.14398920869415
645,"2011-11-21",-1.94819711547217
646,"2011-11-22",-0.66885713356414
647,"2011-11-23",-2.13169909436333
648,"2011-11-25",-0.473028101865175
649,"2011-11-28",2.36216218615601
650,"2011-11-29",0.240107474115405
651,"2011-11-30",2.79067881567006
652,"2011-12-01",-0.36374381901805
653,"2011-12-02",-0.121349998768832
654,"2011-12-05",1.22569818564568
655,"2011-12-06",0.0777224056046023
656,"2011-12-07",0.211701468429628
657,"2011-12-08",-2.0837437943975
658,"2011-12-09",1.74945416137045
659,"2011-12-12",-1.71187751884123
660,"2011-12-13",-1.19126688291888
661,"2011-12-14",-1.4372758059267
662,"2011-12-15",0.387525593987833
663,"2011-12-16",0.383724030618165
664,"2011-12-19",-1.4696605927251
665,"2011-12-20",2.38412244616391
666,"2011-12-21",0.201660506451216
667,"2011-12-22",1.01871984221877
668,"2011-12-23",1.10057632219757
669,"2011-12-27",-0.0740962107639769
670,"2011-12-28",-1.53038983861291
671,"2011-12-29",1.26555046015085
672,"2011-12-30",-0.688363982880434
673,"2012-01-03",1.65361407816986
674,"2012-01-04",-0.058009436129015
675,"2012-01-05",0.345107129708407
676,"2012-01-06",-0.452361450842172
677,"2012-01-09",0.247062645385933
678,"2012-01-10",1.08499840014069
679,"2012-01-11",-0.0400131437498538
680,"2012-01-12",0.257928998518191
681,"2012-01-13",-0.771729347676877
682,"2012-01-17",0.43097659268039
683,"2012-01-18",1.30262601692661
684,"2012-01-19",0.618807467495743
685,"2012-01-20",0.0132331485063497
686,"2012-01-23",-0.0160814840212858
687,"2012-01-24",-0.236447402331704
688,"2012-01-25",1.06319806272463
689,"2012-01-26",-0.870103270181675
690,"2012-01-27",-0.318544659132011
691,"2012-01-30",-0.450290745412417
692,"2012-01-31",-0.153149948194376
693,"2012-02-01",1.08644826401444
694,"2012-02-02",0.0761572801385222
695,"2012-02-03",1.59071661705409
696,"2012-02-06",-0.148285176333051
697,"2012-02-07",0.212434094979586
698,"2012-02-08",0.232346021259019
699,"2012-02-09",0.132001978555529
700,"2012-02-10",-1.00087232151411
701,"2012-02-13",0.85184810396886
702,"2012-02-14",-0.223864289050224
703,"2012-02-15",-0.825405782065965
704,"2012-02-16",1.29509534562862
705,"2012-02-17",0.259712067936648
706,"2012-02-21",0.0206985852681622
707,"2012-02-22",-0.562665393379007
708,"2012-02-23",0.529846738331827
709,"2012-02-24",0.161096597773559
710,"2012-02-27",0.11440921795604
711,"2012-02-28",0.403459469072117
712,"2012-02-29",-0.745259356351195
713,"2012-03-01",0.774116691355366
714,"2012-03-02",-0.54989592944489
715,"2012-03-05",-0.633345113551589
716,"2012-03-06",-1.74323934730385
717,"2012-03-07",0.863770021978641
718,"2012-03-08",1.1799527284088
719,"2012-03-09",0.441879051184301
720,"2012-03-12",-0.062070229875474
721,"2012-03-13",1.8285226924216
722,"2012-03-14",-0.261236308898385
723,"2012-03-15",0.750466933049834
724,"2012-03-16",0.079737142679326
725,"2012-03-19",0.489199204055525
726,"2012-03-20",-0.516464280399332
727,"2012-03-21",-0.358404967521106
728,"2012-03-22",-1.03628919530679
729,"2012-03-23",0.368556162353242
730,"2012-03-26",1.5362090229354
731,"2012-03-27",-0.491194057642312
732,"2012-03-28",-0.770928935492041
733,"2012-03-29",-0.320708310826975
734,"2012-03-30",0.45120893027281
735,"2012-04-02",0.933903693928363
736,"2012-04-03",-0.64898041069781
737,"2012-04-04",-1.33623683778172
738,"2012-04-05",-0.1784289585402
739,"2012-04-09",-1.43813356362567
740,"2012-04-10",-1.85444378572278
741,"2012-04-11",0.927535124419368
742,"2012-04-12",1.52795176638073
743,"2012-04-13",-1.53015046007533
744,"2012-04-16",-0.160008802331565
745,"2012-04-17",1.6545103864221
746,"2012-04-18",-0.657702861041539
747,"2012-04-19",-0.891530401423597
748,"2012-04-20",0.0870959936158891
749,"2012-04-23",-1.1631587670528
750,"2012-04-24",0.448619746498331
751,"2012-04-25",1.51742075056018
752,"2012-04-26",0.837548871473006
753,"2012-04-27",0.269166658658239
754,"2012-04-30",-0.635164772556859
755,"2012-05-01",0.71167479106598
756,"2012-05-02",-0.44673802411881
757,"2012-05-03",-1.08516238164433
758,"2012-05-04",-1.79495576845138
759,"2012-05-07",-0.0339498900550858
760,"2012-05-08",-0.686728232551679
761,"2012-05-09",-0.98020942264989
762,"2012-05-10",0.284039792748205
763,"2012-05-11",-0.569038319486949
764,"2012-05-14",-1.41707096086171
765,"2012-05-15",-0.869142155496538
766,"2012-05-16",-0.702847536598336
767,"2012-05-17",-1.72140049212926
768,"2012-05-18",-1.05603206866644
769,"2012-05-21",1.69270999644336
770,"2012-05-22",-0.0138627174193843
771,"2012-05-23",0.164243650789683
772,"2012-05-24",0.118159794413494
773,"2012-05-25",-0.40021394166657
774,"2012-05-29",1.29997876966549
775,"2012-05-30",-1.67092654494366
776,"2012-05-31",-0.415877126876685
777,"2012-06-01",-2.2507819613257
778,"2012-06-04",-0.0695960826665985
779,"2012-06-05",0.720330662680448
780,"2012-06-06",2.09671352375964
781,"2012-06-07",-0.101505971771742
782,"2012-06-08",1.00215582317329
783,"2012-06-11",-1.54167620395516
784,"2012-06-12",1.35139874115188
785,"2012-06-13",-1.01610157796998
786,"2012-06-14",1.27558980142829
787,"2012-06-15",1.23057290273137
788,"2012-06-18",0.127683224092083
789,"2012-06-19",1.17973142667981
790,"2012-06-20",-0.33196737820087
791,"2012-06-21",-2.13987168887592
792,"2012-06-22",0.895892169776908
793,"2012-06-25",-1.78234885137563
794,"2012-06-26",0.59692146717049
795,"2012-06-27",1.09535946867618
796,"2012-06-28",-0.392315862752641
797,"2012-06-29",2.18403776026914
798,"2012-07-02",0.275662154004593
799,"2012-07-03",0.783229093782988
800,"2012-07-05",-0.738945869034706
801,"2012-07-06",-1.26431717491375
802,"2012-07-09",-0.325147516242822
803,"2012-07-10",-1.13423585588055
804,"2012-07-11",-0.0879895035115591
805,"2012-07-12",-0.776612420371415
806,"2012-07-13",1.72393010430069
807,"2012-07-16",-0.421174693297698
808,"2012-07-17",0.923041742535648
809,"2012-07-18",0.837587789619281
810,"2012-07-19",0.312736415545097
811,"2012-07-20",-1.32332779758592
812,"2012-07-23",-1.2134399016227
813,"2012-07-24",-1.22640820808843
814,"2012-07-25",-0.132089378184547
815,"2012-07-26",1.72684060804756
816,"2012-07-27",1.8853373831889
817,"2012-07-30",-0.157033550412327
818,"2012-07-31",-0.691653673007358
819,"2012-08-01",-0.502660327529816
820,"2012-08-02",-1.06854388019149
821,"2012-08-03",1.88298054206077
822,"2012-08-06",0.2568665993116
823,"2012-08-07",0.640800292486049
824,"2012-08-08",0.00603761834787835
825,"2012-08-09",-0.0246130223648941
826,"2012-08-10",0.236447139571203
827,"2012-08-13",-0.26930850894077
828,"2012-08-14",-0.10470588123921
829,"2012-08-15",0.0827245891645522
830,"2012-08-16",0.88725611625448
831,"2012-08-17",0.190360826302532
832,"2012-08-20",-0.088912741511939
833,"2012-08-21",-0.583854427365639
834,"2012-08-22",-0.052318933789462
835,"2012-08-23",-1.12866616258177
836,"2012-08-24",0.81039042753305
837,"2012-08-27",-0.157864937258512
838,"2012-08-28",-0.204673335917807
839,"2012-08-29",0.039100711900508
840,"2012-08-30",-1.10075157966667
841,"2012-08-31",0.636436821340649
842,"2012-09-04",-0.256835731211848
843,"2012-09-05",-0.242541178745638
844,"2012-09-06",1.96197099269053
845,"2012-09-07",0.499626135424623
846,"2012-09-10",-0.916580153307403
847,"2012-09-11",0.372250551963499
848,"2012-09-12",0.222527491383755
849,"2012-09-13",1.71133121218764
850,"2012-09-14",0.487155337568454
851,"2012-09-17",-0.533435038995495
852,"2012-09-18",-0.273348774384631
853,"2012-09-19",0.0894990306770518
854,"2012-09-20",-0.165464888827426
855,"2012-09-21",-0.0969082722720376
856,"2012-09-24",-0.409675432887057
857,"2012-09-25",-1.36330580903171
858,"2012-09-26",-0.868055249714794
859,"2012-09-27",1.16314759329174
860,"2012-09-28",-0.712322503526924
861,"2012-10-01",0.303327339911161
862,"2012-10-02",0.0432313718640555
863,"2012-10-03",0.440927782275702
864,"2012-10-04",0.895872514368464
865,"2012-10-05",-0.133227653047576
866,"2012-10-08",-0.578377154920681
867,"2012-10-09",-1.30753441732672
868,"2012-10-10",-0.921263595649219
869,"2012-10-11",-0.0569054626599808
870,"2012-10-12",-0.511750130921376
871,"2012-10-15",0.998167716722848
872,"2012-10-16",1.22405562676517
873,"2012-10-17",0.508787019638814
874,"2012-10-18",-0.439332328062006
875,"2012-10-19",-1.82231211515485
876,"2012-10-22",-0.0207811249608718
877,"2012-10-23",-1.67873359781737
878,"2012-10-24",-0.528072189681315
879,"2012-10-25",0.352479185557573
880,"2012-10-26",-0.193079783025572
881,"2012-10-31",-0.0627475503195983
882,"2012-11-01",1.2859560466163
883,"2012-11-02",-1.25922223706203
884,"2012-11-05",0.232868924143021
885,"2012-11-06",0.973239689335287
886,"2012-11-07",-2.20838984823008
887,"2012-11-08",-1.50843359086029
888,"2012-11-09",0.164975046277529
889,"2012-11-12",-0.0665016555146151
890,"2012-11-13",-0.648558920565287
891,"2012-11-14",-1.63577803271779
892,"2012-11-15",-0.318640547898892
893,"2012-11-16",0.605809509146184
894,"2012-11-19",1.93015022754287
895,"2012-11-20",0.0123345934865046
896,"2012-11-21",0.255550801244352
897,"2012-11-23",1.4680354370663
898,"2012-11-26",-0.380943246019989
899,"2012-11-27",-0.806240098414286
900,"2012-11-28",0.973557299008931
901,"2012-11-29",0.529527003461239
902,"2012-11-30",-0.0617675705316647
903,"2012-12-03",-0.746298629267604
904,"2012-12-04",-0.335329925529549
905,"2012-12-05",0.148275741812165
906,"2012-12-06",0.396467415248019
907,"2012-12-07",0.341860538133811
908,"2012-12-10",-0.0357281948530952
909,"2012-12-11",0.821775378695078
910,"2012-12-12",-0.0195001553813407
911,"2012-12-13",-0.936726160756417
912,"2012-12-14",-0.668149233508348
913,"2012-12-17",1.37069734007058
914,"2012-12-18",1.33682627022825
915,"2012-12-19",-1.07772163956363
916,"2012-12-20",0.690011802835542
917,"2012-12-21",-1.25914867546482
918,"2012-12-24",-0.438851814928128
919,"2012-12-26",-0.7516201640726
920,"2012-12-27",-0.264455374366108
921,"2012-12-28",-1.41162449799282
922,"2012-12-31",1.75328263013111
923,"2013-01-02",2.20550001769838
924,"2013-01-03",-0.388890591485452
925,"2013-01-04",0.609126755295619
926,"2013-01-07",-0.533220292521226
927,"2013-01-08",-0.549436921309347
928,"2013-01-09",0.303953293781329
929,"2013-01-10",0.944454181570098
930,"2013-01-11",-0.0928026288617525
931,"2013-01-14",-0.222572300405819
932,"2013-01-15",0.0811055520798117
933,"2013-01-16",-0.0566684868451442
934,"2013-01-17",0.709715610850801
935,"2013-01-18",0.410045925696296
936,"2013-01-22",0.550921214691793
937,"2013-01-23",0.136907417660318
938,"2013-01-24",-0.0848079776334844
939,"2013-01-25",0.684558467475008
940,"2013-01-28",-0.355326337987461
941,"2013-01-29",0.640700808442071
942,"2013-01-30",-0.637287578218004
943,"2013-01-31",-0.456034388549417
944,"2013-02-01",1.20301456627612
945,"2013-02-04",-1.45340411901694
946,"2013-02-05",1.23809408241383
947,"2013-02-06",-0.00456507517051511
948,"2013-02-07",-0.349010106926542
949,"2013-02-08",0.711618606841233
950,"2013-02-11",-0.175065103025959
951,"2013-02-12",0.149804149833212
952,"2013-02-13",0.00181126434769853
953,"2013-02-14",0.0163713109525687
954,"2013-02-15",-0.23925346985549
955,"2013-02-19",0.914628258277593
956,"2013-02-20",-1.52448692923117
957,"2013-02-21",-0.934604213231073
958,"2013-02-22",1.07307886584292
959,"2013-02-25",-1.92852349068084
960,"2013-02-26",0.768120419858982
961,"2013-02-27",1.44338697277418
962,"2013-02-28",-0.212846368914828
963,"2013-03-01",0.256082816743838
964,"2013-03-04",0.575388410760295
965,"2013-03-05",1.15483044825453
966,"2013-03-06",0.0745873145247711
967,"2013-03-07",0.182224908848644
968,"2013-03-08",0.558047382677439
969,"2013-03-11",0.388369358713022
970,"2013-03-12",-0.433662329769376
971,"2013-03-13",0.10844274849376
972,"2013-03-14",0.704648575857581
973,"2013-03-15",-0.322221758078755
974,"2013-03-18",-0.840839990447886
975,"2013-03-19",-0.436363818084961
976,"2013-03-20",0.839621811660267
977,"2013-03-21",-1.15036958615525
978,"2013-03-22",0.895851699910054
979,"2013-03-25",-0.562656266460947
980,"2013-03-26",0.965621689662909
981,"2013-03-27",-0.172457205907123
982,"2013-03-28",0.50054152406181
983,"2013-04-01",-0.711788728145886
984,"2013-04-02",0.649321085187265
985,"2013-04-03",-1.3672681646553
986,"2013-04-04",0.499417957018698
987,"2013-04-05",-0.688823507576824
988,"2013-04-08",0.791882852688912
989,"2013-04-09",0.429774003933304
990,"2013-04-10",1.39820542173535
991,"2013-04-11",0.430878451559565
992,"2013-04-12",-0.493952525041289
993,"2013-04-15",-2.17383530060673
994,"2013-04-16",1.56840508143819
995,"2013-04-17",-1.67040845637456
996,"2013-04-18",-0.980066841536391
997,"2013-04-19",1.08102397621645
998,"2013-04-22",0.582172563810654
999,"2013-04-23",1.23835228308097
1000,"2013-04-24",-0.0848484369203006
1001,"2013-04-25",0.49754112600516
1002,"2013-04-26",-0.354254501673391
1003,"2013-04-29",0.89721840172945
1004,"2013-04-30",0.279353381140397
1005,"2013-05-01",-1.25234110051895
1006,"2013-05-02",1.13886887178356
1007,"2013-05-03",1.24931817063214
1008,"2013-05-06",0.195568512183157
1009,"2013-05-07",0.656843031861933
1010,"2013-05-08",0.511788852112773
1011,"2013-05-09",-0.60917039374262
1012,"2013-05-10",0.53656566691485
1013,"2013-05-13",-0.0794484788608316
1014,"2013-05-14",1.21171296441126
1015,"2013-05-15",0.641761307850888
1016,"2013-05-16",-0.779430273086777
1017,"2013-05-17",1.22695495479019
1018,"2013-05-20",-0.189949825535182
1019,"2013-05-21",0.168447297949635
1020,"2013-05-22",-1.14946893015876
1021,"2013-05-23",-0.505940395641747
1022,"2013-05-24",-0.167026522989025
1023,"2013-05-28",0.796554514049719
1024,"2013-05-29",-1.01883848020705
1025,"2013-05-30",0.447310824645954
1026,"2013-05-31",-1.66893890025163
1027,"2013-06-03",0.74657561091896
1028,"2013-06-04",-0.840897499105083
1029,"2013-06-05",-1.6304335448327
1030,"2013-06-06",1.04302926040415
1031,"2013-06-07",1.45209991107897
1032,"2013-06-10",-0.136942628581589
1033,"2013-06-11",-1.33174450138109
1034,"2013-06-12",-1.1592839211158
1035,"2013-06-13",1.60392653574431
1036,"2013-06-14",-0.885690624017933
1037,"2013-06-17",0.941043055131009
1038,"2013-06-18",0.966299632647087
1039,"2013-06-19",-1.63573663820428
1040,"2013-06-20",-2.26698386859409
1041,"2013-06-21",0.305949866014279
1042,"2013-06-24",-1.50357817301893
1043,"2013-06-25",1.14790635910189
1044,"2013-06-26",1.15728800866185
1045,"2013-06-27",0.779262535377974
1046,"2013-06-28",-0.688134885408007
1047,"2013-07-01",0.679207691357486
1048,"2013-07-02",-0.166078097250613
1049,"2013-07-03",0.0360987610167517
1050,"2013-07-05",1.21748007261836
1051,"2013-07-08",0.659596629508809
1052,"2013-07-09",0.902286054348151
1053,"2013-07-10",-0.0589456486062252
1054,"2013-07-11",1.51031620063052
1055,"2013-07-12",0.365386208477368
1056,"2013-07-15",0.117401253961299
1057,"2013-07-16",-0.612048597946155
1058,"2013-07-17",0.320891049490798
1059,"2013-07-18",0.631168147107159
1060,"2013-07-19",0.151973431594886
1061,"2013-07-22",0.213839375044034
1062,"2013-07-23",-0.355656769740194
1063,"2013-07-24",-0.625626119328047
1064,"2013-07-25",0.289665291969998
1065,"2013-07-26",0.0367267541649625
1066,"2013-07-29",-0.615669515000097
1067,"2013-07-30",-0.0305120014077379
1068,"2013-07-31",-0.10592534337458
1069,"2013-08-01",1.42794635517685
1070,"2013-08-02",0.156435474996729
1071,"2013-08-05",-0.302267980399568
1072,"2013-08-06",-0.866418151018879
1073,"2013-08-07",-0.624917862389012
1074,"2013-08-08",0.477051082268713
1075,"2013-08-09",-0.593552230270709
1076,"2013-08-12",-0.254941350626807
1077,"2013-08-13",0.32117847448802
1078,"2013-08-14",-0.80009025871681
1079,"2013-08-15",-1.6670931218136
1080,"2013-08-16",-0.557865363927595
1081,"2013-08-19",-0.887500105666788
1082,"2013-08-20",0.468193621223894
1083,"2013-08-21",-0.873168989182718
1084,"2013-08-22",1.05684042847674
1085,"2013-08-23",0.485515878222472
1086,"2013-08-26",-0.65565994012037
1087,"2013-08-27",-1.77702479005787
1088,"2013-08-28",0.317112066983144
1089,"2013-08-29",0.203688114565562
1090,"2013-08-30",-0.540192917278125
1091,"2013-09-03",0.515212194563354
1092,"2013-09-04",1.00246239394402
1093,"2013-09-05",0.0930845226792081
1094,"2013-09-06",-0.0777430404610871
1095,"2013-09-09",1.19716982907715
1096,"2013-09-10",0.915700866292701
1097,"2013-09-11",0.360536693534076
1098,"2013-09-12",-0.568104737399861
1099,"2013-09-13",0.312389483573686
1100,"2013-09-16",0.716074436691087
1101,"2013-09-17",0.522487321395795
1102,"2013-09-18",1.39722499547169
1103,"2013-09-19",-0.354374557198615
1104,"2013-09-20",-1.03742188659545
1105,"2013-09-23",-0.743062406362571
1106,"2013-09-24",-0.460748171619487
1107,"2013-09-25",-0.480506543624313
1108,"2013-09-26",0.421547952604762
1109,"2013-09-27",-0.660120509202631
1110,"2013-09-30",-0.902698857362683
1111,"2013-10-01",0.989401767190072
1112,"2013-10-02",-0.18394766285824
1113,"2013-10-03",-1.22037175289625
1114,"2013-10-04",0.881724941896795
1115,"2013-10-07",-1.17318652991767
1116,"2013-10-08",-1.51870395095729
1117,"2013-10-09",-0.000904928680869685
1118,"2013-10-10",2.03587422981799
1119,"2013-10-11",0.789868298864107
1120,"2013-10-14",0.50300848392312
1121,"2013-10-15",-1.0205783540717
1122,"2013-10-16",1.53169307709273
1123,"2013-10-17",0.845170086165167
1124,"2013-10-18",0.821760130074498
1125,"2013-10-21",-0.0722297988861829
1126,"2013-10-22",0.721675876234201
1127,"2013-10-23",-0.74369019511426
1128,"2013-10-24",0.389644700760192
1129,"2013-10-25",0.546442769659896
1130,"2013-10-28",0.110747774507266
1131,"2013-10-29",0.702259983156364
1132,"2013-10-30",-0.762727703934279
1133,"2013-10-31",-0.629346181618321
1134,"2013-11-01",0.339367075408131
1135,"2013-11-04",0.433430699737029
1136,"2013-11-05",-0.489649494525529
1137,"2013-11-06",0.528971184030357
1138,"2013-11-07",-1.58547045112111
1139,"2013-11-08",1.50028951633756
1140,"2013-11-11",0.0211436223142391
1141,"2013-11-12",-0.429052957106284
1142,"2013-11-13",1.00008599283798
1143,"2013-11-14",0.605454280624503
1144,"2013-11-15",0.523070464664698
1145,"2013-11-18",-0.610645117307552
1146,"2013-11-19",-0.382842708243494
1147,"2013-11-20",-0.602315505856797
1148,"2013-11-21",1.00373810347697
1149,"2013-11-22",0.621801138255225
1150,"2013-11-25",-0.2709672124603
1151,"2013-11-26",-0.0636457607964984
1152,"2013-11-27",0.279379541930713
1153,"2013-11-29",-0.201382336907265
1154,"2013-12-02",-0.477674795432133
1155,"2013-12-03",-0.54271255166779
1156,"2013-12-04",-0.276784431744269
1157,"2013-12-05",-0.694585182727047
1158,"2013-12-06",1.31444983925435
1159,"2013-12-09",0.182313919738897
1160,"2013-12-10",-0.540919354241644
1161,"2013-12-11",-1.43459023381377
1162,"2013-12-12",-0.62024593343908
1163,"2013-12-13",-0.100759906577672
1164,"2013-12-16",0.79399762584351
1165,"2013-12-17",-0.530202249778642
1166,"2013-12-18",1.73395169948807
1167,"2013-12-19",-0.171220921225954
1168,"2013-12-20",0.603006928687161
1169,"2013-12-23",0.668193356862284
1170,"2013-12-24",0.341123554443075
1171,"2013-12-26",0.593318525878294
1172,"2013-12-27",-0.135436339740694
1173,"2013-12-30",-0.112246493141671
1174,"2013-12-31",0.487254632430265
1175,"2014-01-02",-1.20877861237124
1176,"2014-01-03",-0.134903207300725
1177,"2014-01-06",-0.448844932703599
1178,"2014-01-07",0.764694056829053
1179,"2014-01-08",-0.117106972187698
1180,"2014-01-09",-0.0342859274664182
1181,"2014-01-10",0.253596678353369
1182,"2014-01-13",-1.53819980514727
1183,"2014-01-14",1.27589850507271
1184,"2014-01-15",0.648531907386077
1185,"2014-01-16",-0.283099266063508
1186,"2014-01-17",-0.636702146034495
1187,"2014-01-21",0.320848870759721
1188,"2014-01-22",-0.000763066084158515
1189,"2014-01-23",-1.21151551955874
1190,"2014-01-24",-2.06998468660835
1191,"2014-01-27",-0.762774102694192
1192,"2014-01-28",0.771972241535148
1193,"2014-01-29",-1.33684882416414
1194,"2014-01-30",1.31709150062207
1195,"2014-01-31",-0.95326832923154
1196,"2014-02-03",-2.1674356252415
1197,"2014-02-04",0.949400869705562
1198,"2014-02-05",-0.380750308290796
1199,"2014-02-06",1.41948216159873
1200,"2014-02-07",1.49026936131576
1201,"2014-02-10",0.145980982096968
1202,"2014-02-11",1.29843454547562
1203,"2014-02-12",-0.125517881140735
1204,"2014-02-13",0.730803648143911
1205,"2014-02-14",0.601749953721662
1206,"2014-02-18",0.0855037759702322
1207,"2014-02-19",-0.960032609852156
1208,"2014-02-20",0.758457802488286
1209,"2014-02-21",-0.365179481923648
1210,"2014-02-24",0.777623997226099
1211,"2014-02-25",-0.28318048787808
1212,"2014-02-26",-0.0825793026027813
1213,"2014-02-27",0.620045474484426
1214,"2014-02-28",0.32212736906756
1215,"2014-03-03",-1.05502790616056
1216,"2014-03-04",1.63895364946209
1217,"2014-03-05",-0.0936645949868079
1218,"2014-03-06",0.167864375627832
1219,"2014-03-07",-0.00620477664528361
1220,"2014-03-10",-0.154076280459639
1221,"2014-03-11",-0.788416503442792
1222,"2014-03-12",-0.0406679342816202
1223,"2014-03-13",-1.46701550396147
1224,"2014-03-14",-0.491884539010418
1225,"2014-03-17",1.15960932039671
1226,"2014-03-18",0.901120490161807
1227,"2014-03-19",-0.914691908696497
1228,"2014-03-20",0.75958053450135
1229,"2014-03-21",-0.507155055961147
1230,"2014-03-24",-0.761322677739783
1231,"2014-03-25",0.547668076603216
1232,"2014-03-26",-1.01356020260025
1233,"2014-03-27",-0.362523752801587
1234,"2014-03-28",0.57932152584796
1235,"2014-03-31",0.981142633723343
1236,"2014-04-01",0.880098958105155
1237,"2014-04-02",0.332221364151175
1238,"2014-04-03",-0.251093810174951
1239,"2014-04-04",-1.53510952481283
1240,"2014-04-07",-1.38538866718189
1241,"2014-04-08",0.458429715922742
1242,"2014-04-09",1.28519251881727
1243,"2014-04-10",-2.07047027321137
1244,"2014-04-11",-1.269484223367
1245,"2014-04-14",1.0134556930569
1246,"2014-04-15",0.846762155234378
1247,"2014-04-16",1.24494155172499
1248,"2014-04-17",0.115777713896594
1249,"2014-04-21",0.461828746504765
1250,"2014-04-22",0.505387120005777
1251,"2014-04-23",-0.406947369680683
1252,"2014-04-24",0.167652242176022
1253,"2014-04-25",-1.13117382860858
1254,"2014-04-28",0.386529462943172
1255,"2014-04-29",0.595336752687445
1256,"2014-04-30",0.351978006996616
1257,"2014-05-01",-0.106936389128722
1258,"2014-05-02",-0.283290928534057
1259,"2014-05-05",0.190226683037632
1260,"2014-05-06",-1.2212540605668
1261,"2014-05-07",0.706360063962972
1262,"2014-05-08",-0.286932480111063
1263,"2014-05-09",0.138670950087835
1264,"2014-05-12",1.1655212099844
1265,"2014-05-13",-0.0234185845095439
1266,"2014-05-14",-0.740714277478646
1267,"2014-05-15",-1.25752829759741
1268,"2014-05-16",0.457932926623302
1269,"2014-05-19",0.471448312725134
1270,"2014-05-20",-0.957054111939481
1271,"2014-05-21",1.00236852676895
1272,"2014-05-22",0.261636169159652
1273,"2014-05-23",0.526646684083365
1274,"2014-05-27",0.753032502994363
1275,"2014-05-28",-0.249293909759181
1276,"2014-05-29",0.674500900377457
1277,"2014-05-30",0.186201061333619
1278,"2014-06-02",0.0218676822591052
1279,"2014-06-03",-0.14171336509622
1280,"2014-06-04",0.193214564580961
1281,"2014-06-05",0.818927023486941
1282,"2014-06-06",0.577660401144685
1283,"2014-06-09",0.053058753455759
1284,"2014-06-10",-0.122086704530268
1285,"2014-06-11",-0.589148162443109
1286,"2014-06-12",-1.02335705863477
1287,"2014-06-13",0.372194748741864
1288,"2014-06-16",0.0379704787461258
1289,"2014-06-17",0.234141636567558
1290,"2014-06-18",0.958179871680019
1291,"2014-06-19",0.103053384098658
1292,"2014-06-20",0.169571370851659
1293,"2014-06-23",-0.105343139454613
1294,"2014-06-24",-0.949831889826487
1295,"2014-06-25",0.613396839953315
1296,"2014-06-26",-0.258712970510834
1297,"2014-06-27",0.196019785483686
1298,"2014-06-30",-0.140688824140907
1299,"2014-07-01",0.837262177313918
1300,"2014-07-02",0.0116579702266364
1301,"2014-07-03",0.688912439917131
1302,"2014-07-07",-0.640432033489256
1303,"2014-07-08",-1.01892909258205
1304,"2014-07-09",0.579860568265328
1305,"2014-07-10",-0.667585740630897
1306,"2014-07-11",0.131533188565794
1307,"2014-07-14",0.606285121441704
1308,"2014-07-15",-0.36708389278889
1309,"2014-07-16",0.520225138091564
1310,"2014-07-17",-1.47806402230991
1311,"2014-07-18",1.22357474236045
1312,"2014-07-21",-0.422009526360107
1313,"2014-07-22",0.628968440462733
1314,"2014-07-23",0.173142341339938
1315,"2014-07-24",-0.013593660117492
1316,"2014-07-25",-0.759371602161125
1317,"2014-07-28",-0.0431851158592342
1318,"2014-07-29",-0.718714171325957
1319,"2014-07-30",-0.0767852387578307
1320,"2014-07-31",-2.02354880626232
1321,"2014-08-01",-0.497034449872974
1322,"2014-08-04",0.8975694588379
1323,"2014-08-05",-1.28830734695722
1324,"2014-08-06",-0.083474826348172
1325,"2014-08-07",-0.846432485305992
1326,"2014-08-08",1.34081479945687
1327,"2014-08-11",0.31879850808596
1328,"2014-08-12",-0.324832986507733
1329,"2014-08-13",0.840777560746662
1330,"2014-08-14",0.539829528105808
1331,"2014-08-15",-0.0948490971518249
1332,"2014-08-18",1.04746839847426
1333,"2014-08-19",0.626939439182078
1334,"2014-08-20",0.278331308829792
1335,"2014-08-21",0.34598575230852
1336,"2014-08-22",-0.37568876229495
1337,"2014-08-25",0.598914692768681
1338,"2014-08-26",0.0696507874043042
1339,"2014-08-27",-0.0783997594289826
1340,"2014-08-28",-0.332475606001071
1341,"2014-08-29",0.398411817423792
1342,"2014-09-02",-0.165954417351204
1343,"2014-09-03",-0.200423978766186
1344,"2014-09-04",-0.310133680787
1345,"2014-09-05",0.631550062101913
1346,"2014-09-08",-0.526396620764563
1347,"2014-09-09",-0.962372874238521
1348,"2014-09-10",0.443939685836999
1349,"2014-09-11",0.0446533266203161
1350,"2014-09-12",-0.894853309085465
1351,"2014-09-15",-0.190321015560628
1352,"2014-09-16",0.931590654328465
1353,"2014-09-17",0.105730395545646
1354,"2014-09-18",0.612563328976986
1355,"2014-09-19",-0.156138212016966
1356,"2014-09-22",-1.12253221790438
1357,"2014-09-23",-0.872799395370605
1358,"2014-09-24",0.970927216170244
1359,"2014-09-25",-1.79636124644214
1360,"2014-09-26",1.0521928757791
1361,"2014-09-29",-0.453734121285949
1362,"2014-09-30",-0.486933621871179
1363,"2014-10-01",-1.59050011593574
1364,"2014-10-02",-0.0850252464842508
1365,"2014-10-03",1.30787709397865
1366,"2014-10-06",-0.314558098969823
1367,"2014-10-07",-1.72654972353609
1368,"2014-10-08",1.78672850463972
1369,"2014-10-09",-2.05881002689726
1370,"2014-10-10",-1.44599420110487
1371,"2014-10-13",-1.81569876485283
1372,"2014-10-14",0.147395172249794
1373,"2014-10-15",-1.13158095582441
1374,"2014-10-16",-0.0643593782154577
1375,"2014-10-17",1.456418868702
1376,"2014-10-20",1.11171613781081
1377,"2014-10-21",1.91385941709708
1378,"2014-10-22",-1.04642413140328
1379,"2014-10-23",1.40794270099463
1380,"2014-10-24",0.881751304126219
1381,"2014-10-27",-0.305401038469724
1382,"2014-10-28",1.37665614921076
1383,"2014-10-29",-0.288628218129338
1384,"2014-10-30",0.78298512706173
1385,"2014-10-31",1.35850876665137
1386,"2014-11-03",-0.103344556963028
1387,"2014-11-04",-0.49299724819433
1388,"2014-11-05",0.717002650997683
1389,"2014-11-06",0.461882627080219
1390,"2014-11-07",-0.0340970208754889
1391,"2014-11-10",0.370159901347211
1392,"2014-11-11",0.0172622639366549
1393,"2014-11-12",-0.188997133288866
1394,"2014-11-13",-0.00742476880963212
1395,"2014-11-14",-0.0502679973806549
1396,"2014-11-17",0.022981928913552
1397,"2014-11-18",0.644345019423052
1398,"2014-11-19",-0.305342042255127
1399,"2014-11-20",0.204227114476945
1400,"2014-11-21",0.657698517948632
1401,"2014-11-24",0.333748099945509
1402,"2014-11-25",-0.254521273741745
1403,"2014-11-26",0.325458237291345
1404,"2014-11-28",-0.453123869219007
1405,"2014-12-01",-0.994503593663816
1406,"2014-12-02",0.801853649054038
1407,"2014-12-03",0.460393021682458
1408,"2014-12-04",-0.256245447003087
1409,"2014-12-05",0.160066981210884
1410,"2014-12-08",-1.04176007274465
1411,"2014-12-09",-0.120883751412964
1412,"2014-12-10",-1.80817385063094
1413,"2014-12-11",0.565359769198527
1414,"2014-12-12",-1.79927711367521
1415,"2014-12-15",-0.939168029470942
1416,"2014-12-16",-1.17143094049525
1417,"2014-12-17",1.95741266395931
1418,"2014-12-18",2.14266070254073
1419,"2014-12-19",0.569956400344989
1420,"2014-12-22",0.466712113357318
1421,"2014-12-23",0.171959521747171
1422,"2014-12-24",-0.106351356817055
1423,"2014-12-26",0.39688722226444
1424,"2014-12-29",0.0416770939134341
1425,"2014-12-30",-0.764315665914253
1426,"2014-12-31",-1.34609020257867
1427,"2015-01-02",-0.135933930661667
1428,"2015-01-05",-1.92668002317865
1429,"2015-01-06",-1.21190053380641
1430,"2015-01-07",1.34955114348631
1431,"2015-01-08",1.81351253327522
1432,"2015-01-09",-1.1627759981154
1433,"2015-01-12",-1.13089303575388
1434,"2015-01-13",-0.458159853372108
1435,"2015-01-14",-0.877152232727259
1436,"2015-01-15",-1.24654849683229
1437,"2015-01-16",1.50002256640299
1438,"2015-01-20",0.143148829370928
1439,"2015-01-21",0.591474195984282
1440,"2015-01-22",1.63909806576275
1441,"2015-01-23",-0.83856325576702
1442,"2015-01-26",0.291390686138197
1443,"2015-01-27",-1.60108837932331
1444,"2015-01-28",-1.60922139123593
1445,"2015-01-29",1.15167838087416
1446,"2015-01-30",-1.57077637322165
1447,"2015-02-02",1.46283177477915
1448,"2015-02-03",1.57835093993935
1449,"2015-02-04",-0.670834546025881
1450,"2015-02-05",1.22612024541422
1451,"2015-02-06",-0.573191038718135
1452,"2015-02-09",-0.682657592728662
1453,"2015-02-10",1.26259537244492
1454,"2015-02-11",-0.0900734957135556
1455,"2015-02-12",1.16270003286267
1456,"2015-02-13",0.503010937643662
1457,"2015-02-17",0.150142141359751
1458,"2015-02-18",-0.132155314191845
1459,"2015-02-19",-0.241725399483719
1460,"2015-02-20",0.770229424414222
1461,"2015-02-23",-0.130539265878874
1462,"2015-02-24",0.318704826597838
1463,"2015-02-25",-0.198460046066332
1464,"2015-02-26",-0.301719063759486
1465,"2015-02-27",-0.510400673915898
1466,"2015-03-02",0.77003006237866
1467,"2015-03-03",-0.720085995468532
1468,"2015-03-04",-0.700880406852872
1469,"2015-03-05",0.0910516795446149
1470,"2015-03-06",-1.65931470292298
1471,"2015-03-09",0.48516022268364
1472,"2015-03-10",-1.84695233545351
1473,"2015-03-11",-0.365030800177915
1474,"2015-03-12",1.43303399054954
1475,"2015-03-13",-0.90803334410597
1476,"2015-03-16",1.50869257237454
1477,"2015-03-17",-0.55997197163011
1478,"2015-03-18",1.39557639071098
1479,"2015-03-19",-0.762308769365366
1480,"2015-03-20",1.09825861236823
1481,"2015-03-23",-0.340474936153305
1482,"2015-03-24",-0.915599198277818
1483,"2015-03-25",-1.68691904998153
1484,"2015-03-26",-0.430050455794941
1485,"2015-03-27",0.262551982748759
1486,"2015-03-30",1.40226314022099
1487,"2015-03-31",-1.20221643691083
1488,"2015-04-01",-0.645929296336528
1489,"2015-04-02",0.427727768158461
1490,"2015-04-06",0.828990906230401
1491,"2015-04-07",-0.385529127100402
1492,"2015-04-08",0.307780064085025
1493,"2015-04-09",0.554870450679665
1494,"2015-04-10",0.653292043678729
1495,"2015-04-13",-0.725529506938266
1496,"2015-04-14",0.154865655679227
1497,"2015-04-15",0.646193564191152
1498,"2015-04-16",-0.200321973050916
1499,"2015-04-17",-1.43410967951408
1500,"2015-04-20",1.12123042275601
1501,"2015-04-21",-0.302379086752448
1502,"2015-04-22",0.638287337239097
1503,"2015-04-23",0.260983214261226
1504,"2015-04-24",0.245787015253231
1505,"2015-04-27",-0.668918607897347
1506,"2015-04-28",0.320202034235934
1507,"2015-04-29",-0.616239640435682
1508,"2015-04-30",-1.32950411799476
1509,"2015-05-01",1.28563507449013
1510,"2015-05-04",0.344684513329698
1511,"2015-05-05",-1.47834193646799
1512,"2015-05-06",-0.709503322997955
1513,"2015-05-07",0.461647612233763
1514,"2015-05-08",1.50269765199904
1515,"2015-05-11",-0.789335717748053
1516,"2015-05-12",-0.509485425451967
1517,"2015-05-13",-0.130777283668225
1518,"2015-05-14",1.2722963645048
1519,"2015-05-15",0.0278711301800131
1520,"2015-05-18",0.359921553251296
1521,"2015-05-19",-0.180531401831668
1522,"2015-05-20",-0.222549610480706
1523,"2015-05-21",0.2581121484726
1524,"2015-05-22",-0.40984922774247
1525,"2015-05-26",-1.34346993243059
1526,"2015-05-27",1.11377682134607
1527,"2015-05-28",-0.271462675282233
1528,"2015-05-29",-0.936384819813138
1529,"2015-06-01",0.217689904013376
1530,"2015-06-02",-0.23393786533105
1531,"2015-06-03",0.226336033310095
1532,"2015-06-04",-1.18496477114085
1533,"2015-06-05",-0.295970073141458
1534,"2015-06-08",-0.954322559880947
1535,"2015-06-09",-0.0239223877918393
1536,"2015-06-10",1.38560225276968
1537,"2015-06-11",0.170826481073077
1538,"2015-06-12",-1.01289250556293
1539,"2015-06-15",-0.730777287213321
1540,"2015-06-16",0.715657584525916
1541,"2015-06-17",0.206057075392734
1542,"2015-06-18",1.18831934979163
1543,"2015-06-19",-0.815672994110585
1544,"2015-06-22",0.766315471315597
1545,"2015-06-23",0.00826319901734994
1546,"2015-06-24",-1.05229265587139
1547,"2015-06-25",-0.512770399908926
1548,"2015-06-26",-0.143312325962542
1549,"2015-06-29",-2.06950368414494
1550,"2015-06-30",0.304329821929634
1551,"2015-07-01",0.867951500546376
1552,"2015-07-02",-0.131229271829903
1553,"2015-07-06",-0.632298543403673
1554,"2015-07-07",0.76459632879452
1555,"2015-07-08",-1.82749787113726
1556,"2015-07-09",0.247150385621
1557,"2015-07-10",1.41092153493071
1558,"2015-07-13",1.29879509700481
1559,"2015-07-14",0.554289644628595
1560,"2015-07-15",-0.193959195145131
1561,"2015-07-16",0.991187247134558
1562,"2015-07-17",0.0777864926220049
1563,"2015-07-20",0.0282882218925489
1564,"2015-07-21",-0.68453275382974
1565,"2015-07-22",-0.431482773792867
1566,"2015-07-23",-0.860793499337866
1567,"2015-07-24",-1.38125225215544
1568,"2015-07-27",-0.872622249686507
1569,"2015-07-28",1.41495616364997
1570,"2015-07-29",0.912590567176525
1571,"2015-07-30",-0.0815941980477769
1572,"2015-07-31",-0.415152581231945
1573,"2015-08-03",-0.482917706397018
1574,"2015-08-04",-0.412079244547675
1575,"2015-08-05",0.369380384578545
1576,"2015-08-06",-1.09516357805553
1577,"2015-08-07",-0.499205758131766
1578,"2015-08-10",1.45017508585766
1579,"2015-08-11",-1.27617279876127
1580,"2015-08-12",0.0547262178981411
1581,"2015-08-13",-0.27268749971547
1582,"2015-08-14",0.480699414066111
1583,"2015-08-17",0.65440161279985
1584,"2015-08-18",-0.464697551730257
1585,"2015-08-19",-1.14754000562209
1586,"2015-08-20",-2.0816035257738
1587,"2015-08-21",-2.5316585059606
1588,"2015-08-24",-2.76376742098848
1589,"2015-08-25",-1.61120554596811
1590,"2015-08-26",2.67884521688763
1591,"2015-08-27",2.15574741190305
1592,"2015-08-28",0.00424876512511168
1593,"2015-08-31",-1.16153917806836
1594,"2015-09-01",-2.45058818074875
1595,"2015-09-02",1.83838025104594
1596,"2015-09-03",0.0864362472017555
1597,"2015-09-04",-1.74048091868063
1598,"2015-09-08",2.19131736842777
1599,"2015-09-09",-1.63913213865802
1600,"2015-09-10",0.663010278385701
1601,"2015-09-11",0.558839707280432
1602,"2015-09-14",-0.662189290166698
1603,"2015-09-15",1.45208103512203
1604,"2015-09-16",1.0659853390948
1605,"2015-09-17",-0.45572192988108
1606,"2015-09-18",-1.79606112520692
1607,"2015-09-21",0.569386215567903
1608,"2015-09-22",-1.51760582227296
1609,"2015-09-23",-0.383648180538907
1610,"2015-09-24",-0.565753752546851
1611,"2015-09-25",-0.154450781702
1612,"2015-09-28",-2.29530292080236
1613,"2015-09-29",0.0964748125907887
1614,"2015-09-30",1.88504450764772
1615,"2015-10-01",0.205217365115305
1616,"2015-10-02",1.56901374312063
1617,"2015-10-05",1.83818967148484
1618,"2015-10-06",-0.595994412164444
1619,"2015-10-07",0.993502960854198
1620,"2015-10-08",1.0779247794064
1621,"2015-10-09",0.0214660581921585
1622,"2015-10-12",0.102758389786567
1623,"2015-10-13",-0.994062239402562
1624,"2015-10-14",-0.742644006644184
1625,"2015-10-15",1.60894692155415
1626,"2015-10-16",0.570013248520645
1627,"2015-10-19",-0.0457899027236317
1628,"2015-10-20",-0.293790902619523
1629,"2015-10-21",-0.878620160809247
1630,"2015-10-22",1.73259947324931
1631,"2015-10-23",1.29552116130071
1632,"2015-10-26",-0.364378464455658
1633,"2015-10-27",-0.45475430155657
1634,"2015-10-28",1.36803046031614
1635,"2015-10-29",-0.152095093851766
1636,"2015-10-30",-0.754439826401499
1637,"2015-11-02",1.37097865503925
1638,"2015-11-03",0.314307884274866
1639,"2015-11-04",-0.590262689756631
1640,"2015-11-05",-0.25192228702769
1641,"2015-11-06",-0.137061658873039
1642,"2015-11-09",-1.30117802361859
1643,"2015-11-10",0.137365723289364
1644,"2015-11-11",-0.547498642081398
1645,"2015-11-12",-1.64594422397338
1646,"2015-11-13",-1.42521259480315
1647,"2015-11-16",1.61263595579607
1648,"2015-11-17",-0.281979284915619
1649,"2015-11-18",1.70134982046601
1650,"2015-11-19",-0.250608097480043
1651,"2015-11-20",0.466675081528662
1652,"2015-11-23",-0.26683735609359
1653,"2015-11-24",0.0948738674175864
1654,"2015-11-25",-0.104851482486101
1655,"2015-11-27",0.00201171428359938
1656,"2015-11-30",-0.733115294362333
1657,"2015-12-01",1.26306558240792
1658,"2015-12-02",-1.40691238569855
1659,"2015-12-03",-1.67369868880832
1660,"2015-12-04",1.96689307061436
1661,"2015-12-07",-1.01236025397425
1662,"2015-12-08",-0.956082982918748
1663,"2015-12-09",-1.09367945450036
1664,"2015-12-10",0.245582068567577
1665,"2015-12-11",-1.99197051800291
1666,"2015-12-14",0.594648104806365
1667,"2015-12-15",1.25723789861889
1668,"2015-12-16",1.58399239547155
1669,"2015-12-17",-1.72065023286994
1670,"2015-12-18",-1.89816194110372
1671,"2015-12-21",0.964869185415551
1672,"2015-12-22",1.07774589085651
1673,"2015-12-23",1.41765079173848
1674,"2015-12-24",-0.319372505675086
1675,"2015-12-28",-0.402040532245619
1676,"2015-12-29",1.2582922279347
1677,"2015-12-30",-1.03745933684902
1678,"2015-12-31",-1.26233305959511
1679,"2016-01-04",-1.7387190221922
1680,"2016-01-05",0.210808186424785
1681,"2016-01-06",-1.58030002656858
1682,"2016-01-07",-2.20817985427567
1683,"2016-01-08",-1.39316077341147
1684,"2016-01-11",0.0404200916932689
1685,"2016-01-12",0.9676040563103
1686,"2016-01-13",-2.26501835864526
1687,"2016-01-14",1.73712493719536
1688,"2016-01-15",-2.10699269601386
1689,"2016-01-19",-0.00713225052766921
1690,"2016-01-20",-1.46641129086394
1691,"2016-01-21",0.65232886026184
1692,"2016-01-22",1.95363085635919
1693,"2016-01-25",-1.76130306967314
1694,"2016-01-26",1.55605279566141
1695,"2016-01-27",-1.39536432957633
1696,"2016-01-28",0.695177800337244
1697,"2016-01-29",2.17683516661675
1698,"2016-02-01",-0.151133481873621
1699,"2016-02-02",-1.9536314950906
1700,"2016-02-03",0.625811095070533
1701,"2016-02-04",0.139737316947021
1702,"2016-02-05",-1.93852851516623
1703,"2016-02-08",-1.65786379953768
1704,"2016-02-09",-0.183500516298685
1705,"2016-02-10",-0.113676779967929
1706,"2016-02-11",-1.51621532414312
1707,"2016-02-12",1.91063531040633
1708,"2016-02-16",1.72521841986238
1709,"2016-02-17",1.72279891422527
1710,"2016-02-18",-0.736248106120873
1711,"2016-02-19",-0.0896303146144767
1712,"2016-02-22",1.57945180539516
1713,"2016-02-23",-1.52850412973379
1714,"2016-02-24",0.552492074065459
1715,"2016-02-25",1.3244220104004
1716,"2016-02-26",-0.358250509324503
1717,"2016-02-29",-1.13372309352971
1718,"2016-03-01",2.13581732206196
1719,"2016-03-02",0.505683266032668
1720,"2016-03-03",0.42340887898395
1721,"2016-03-04",0.396369198147951
1722,"2016-03-07",0.0451129207041528
1723,"2016-03-08",-1.42802294114147
1724,"2016-03-09",0.633707508402723
1725,"2016-03-10",-0.0627586672436971
1726,"2016-03-11",1.71710566208154
1727,"2016-03-14",-0.270623672432193
1728,"2016-03-15",-0.353516146285041
1729,"2016-03-16",0.704313412893645
1730,"2016-03-17",0.827358296541651
1731,"2016-03-18",0.547897505701795
1732,"2016-03-21",0.0599750884093868
1733,"2016-03-22",-0.2147910266971
1734,"2016-03-23",-0.944171734458742
1735,"2016-03-24",-0.141544627108825
1736,"2016-03-28",-0.00514435468366444
1737,"2016-03-29",1.07773698423899
1738,"2016-03-30",0.540437230767006
1739,"2016-03-31",-0.382387747196936
1740,"2016-04-01",0.79532581381228
1741,"2016-04-04",-0.544815165737957
1742,"2016-04-05",-1.3309320228152
1743,"2016-04-06",1.24675606813842
1744,"2016-04-07",-1.48975182195846
1745,"2016-04-08",0.322683709321607
1746,"2016-04-11",-0.480550905454292
1747,"2016-04-12",1.16446216354253
1748,"2016-04-13",1.20178842680203
1749,"2016-04-14",-0.0602269680368779
1750,"2016-04-15",-0.230393870005878
1751,"2016-04-18",0.820827677951284
1752,"2016-04-19",0.3651030496562
1753,"2016-04-20",0.0268551741692183
1754,"2016-04-21",-0.80223475625968
1755,"2016-04-22",-0.0787140754904208
1756,"2016-04-25",-0.34995998411133
1757,"2016-04-26",0.190451119328197
1758,"2016-04-27",0.157740264793243
1759,"2016-04-28",-1.24489314516744
1760,"2016-04-29",-0.786055338515456
1761,"2016-05-02",0.96840458481948
1762,"2016-05-03",-1.19032857271635
1763,"2016-05-04",-0.891824680457013
1764,"2016-05-05",-0.121058308434106
1765,"2016-05-06",0.37786203216484
1766,"2016-05-09",0.0256647908767461
1767,"2016-05-10",1.42317146295781
1768,"2016-05-11",-1.27659176638984
1769,"2016-05-12",-0.110802505912643
1770,"2016-05-13",-1.17034316951079
1771,"2016-05-16",1.17784582449876
1772,"2016-05-17",-1.26227410692945
1773,"2016-05-18",-0.0554577968557009
1774,"2016-05-19",-0.611775877900616
1775,"2016-05-20",0.756973365843008
1776,"2016-05-23",-0.388868091663098
1777,"2016-05-24",1.52030331901843
1778,"2016-05-25",0.872510609730989
1779,"2016-05-26",-0.116846627541324
1780,"2016-05-27",0.531858408662121
1781,"2016-05-31",-0.233452155989044
1782,"2016-06-01",0.0820460605998763
1783,"2016-06-02",0.328130116529557
1784,"2016-06-03",-0.504288177414099
1785,"2016-06-06",0.613366531199448
1786,"2016-06-07",0.104817140569908
1787,"2016-06-08",0.39688604776192
1788,"2016-06-09",-0.336468613267176
1789,"2016-06-10",-1.23950263097077
1790,"2016-06-13",-1.13312352945791
1791,"2016-06-14",-0.348079094588462
1792,"2016-06-15",-0.35405457142496
1793,"2016-06-16",0.371972415876502
1794,"2016-06-17",-0.55155123647713
1795,"2016-06-20",0.730572490688945
1796,"2016-06-21",0.312014231544036
1797,"2016-06-22",-0.326975381304856
1798,"2016-06-23",1.49523730476658
1799,"2016-06-24",-2.66287557014065
1800,"2016-06-27",-1.91598879278542
1801,"2016-06-28",1.80615642100726
1802,"2016-06-29",1.7591880008173
1803,"2016-06-30",1.5111670319379
1804,"2016-07-01",0.201528634664276
1805,"2016-07-05",-0.996532055956972
1806,"2016-07-06",0.672681032563632
1807,"2016-07-07",-0.2139420935602
1808,"2016-07-08",1.63792737075623
1809,"2016-07-11",0.410795306162519
1810,"2016-07-12",0.876572484052079
1811,"2016-07-13",-0.0658688674793635
1812,"2016-07-14",0.660586941461589
1813,"2016-07-15",-0.222320649079639
1814,"2016-07-18",0.264537871311323
1815,"2016-07-19",-0.295824407592393
1816,"2016-07-20",0.529616178045506
1817,"2016-07-21",-0.599237451142034
1818,"2016-07-22",0.567805539853581
1819,"2016-07-25",-0.517965328297902
1820,"2016-07-26",-0.0380621838620782
1821,"2016-07-27",-0.261567330223786
1822,"2016-07-28",0.151409626189359
1823,"2016-07-29",0.155093154757443
1824,"2016-08-01",-0.271901353800503
1825,"2016-08-02",-0.941361705597921
1826,"2016-08-03",0.372107243853747
1827,"2016-08-04",-0.0543644508294232
1828,"2016-08-05",1.05514724680586
1829,"2016-08-08",-0.219140519342853
1830,"2016-08-09",-0.0281481247235782
1831,"2016-08-10",-0.49780119182379
1832,"2016-08-11",0.591867450432774
1833,"2016-08-12",-0.202897884126285
1834,"2016-08-15",0.323589113385428
1835,"2016-08-16",-0.837055527899099
1836,"2016-08-17",0.189842901771839
1837,"2016-08-18",0.23806995461404
1838,"2016-08-19",-0.296560260593703
1839,"2016-08-22",-0.168782637053043
1840,"2016-08-23",0.201990751297635
1841,"2016-08-24",-0.807921914375613
1842,"2016-08-25",-0.285718250251531
1843,"2016-08-26",-0.316522685846213
1844,"2016-08-29",0.656555266713051
1845,"2016-08-30",-0.370156145965919
1846,"2016-08-31",-0.429820897938896
1847,"2016-09-01",-0.0918975160056303
1848,"2016-09-02",0.520219211231851
1849,"2016-09-06",0.350508220413233
1850,"2016-09-07",-0.107397323742699
1851,"2016-09-08",-0.408315838861661
1852,"2016-09-09",-2.24542138647171
1853,"2016-09-12",1.59602574371268
1854,"2016-09-13",-1.70606092208537
1855,"2016-09-14",-0.172358367972036
1856,"2016-09-15",1.20852112359803
1857,"2016-09-16",-0.620475437189816
1858,"2016-09-19",-0.0885329281183624
1859,"2016-09-20",-0.0415603089882829
1860,"2016-09-21",1.28509540150228
1861,"2016-09-22",0.815846002072929
1862,"2016-09-23",-0.86805997298287
1863,"2016-09-26",-1.18140355522338
1864,"2016-09-27",0.809109578963738
1865,"2016-09-28",0.665411650574842
1866,"2016-09-29",-1.25364402737966
1867,"2016-09-30",0.986014135738551
1868,"2016-10-03",-0.551921343071483
1869,"2016-10-04",-0.772682422220918
1870,"2016-10-05",0.53318931344034
1871,"2016-10-06",-0.0145695982920327
1872,"2016-10-07",-0.550943733340594
1873,"2016-10-10",0.574745467152257
1874,"2016-10-11",-1.52787315000658
1875,"2016-10-12",0.083750105711844
1876,"2016-10-13",-0.529966992663954
1877,"2016-10-14",-0.0559864163533751
1878,"2016-10-17",-0.521595308754898
1879,"2016-10-18",0.774408065713658
1880,"2016-10-19",0.236959653969427
1881,"2016-10-20",-0.287235934680107
1882,"2016-10-21",-0.0982107354997454
1883,"2016-10-24",0.593889916082145
1884,"2016-10-25",-0.623841689649915
1885,"2016-10-26",-0.339713269970924
1886,"2016-10-27",-0.51457411396115
1887,"2016-10-28",-0.531199764165188
1888,"2016-10-31",-0.103839674296028
1889,"2016-11-01",-0.989738057429893
1890,"2016-11-02",-0.960148546630776
1891,"2016-11-03",-0.705360584631847
1892,"2016-11-04",-0.32906596111482
1893,"2016-11-07",2.05585585083182
1894,"2016-11-08",0.461393275242735
1895,"2016-11-09",1.2997996375206
1896,"2016-11-10",0.201841399529499
1897,"2016-11-11",-0.290448327175378
1898,"2016-11-14",-0.102839957370418
1899,"2016-11-15",0.931182029098568
1900,"2016-11-16",-0.317018438477525
1901,"2016-11-17",0.584133889420992
1902,"2016-11-18",-0.431354909103591
1903,"2016-11-21",0.928965498489289
1904,"2016-11-22",0.233104694342085
1905,"2016-11-23",0.0337294010102504
1906,"2016-11-25",0.481032628753566
1907,"2016-11-28",-0.809672339179353
1908,"2016-11-29",0.111571692261846
1909,"2016-11-30",-0.468571476277158
1910,"2016-12-01",-0.586266716136201
1911,"2016-12-02",-0.0270809031702901
1912,"2016-12-05",0.732220445429356
1913,"2016-12-06",0.411113862787238
1914,"2016-12-07",1.4791283907316
1915,"2016-12-08",0.232219880613219
1916,"2016-12-09",0.746949463226415
1917,"2016-12-12",-0.252690740995509
1918,"2016-12-13",0.820676770094738
1919,"2016-12-14",-1.13332885292231
1920,"2016-12-15",0.476745184963611
1921,"2016-12-16",-0.3411751893508
1922,"2016-12-19",0.205397730151775
1923,"2016-12-20",0.442749669570322
1924,"2016-12-21",-0.441240199385286
1925,"2016-12-22",-0.357231824746961
1926,"2016-12-23",0.09925577587358
1927,"2016-12-27",0.245144933452528
1928,"2016-12-28",-1.15795410112657
1929,"2016-12-29",-0.129060807861263
1930,"2016-12-30",-0.732614669659562
1931,"2017-01-03",1.04262969615406
1932,"2017-01-04",0.71975304659649
1933,"2017-01-05",-0.199184193383441
1934,"2017-01-06",0.425953670019983
1935,"2017-01-09",-0.590694565029371
1936,"2017-01-10",-0.0857850522880303
1937,"2017-01-11",0.32883870706425
1938,"2017-01-12",-0.39726991367867
1939,"2017-01-13",0.18710212109753
1940,"2017-01-17",-0.511937481083166
1941,"2017-01-18",0.174506471233974
1942,"2017-01-19",-0.598807748335167
1943,"2017-01-20",0.404850167025045
1944,"2017-01-23",-0.473668773965133
1945,"2017-01-24",0.823669321347903
1946,"2017-01-25",0.992448646230523
1947,"2017-01-26",-0.194017491593636
1948,"2017-01-27",-0.21319485682244
1949,"2017-01-30",-0.90038534565063
1950,"2017-01-31",-0.216619704264214
1951,"2017-02-01",-0.0416749211541049
1952,"2017-02-02",-0.00143713385965256
1953,"2017-02-03",0.906349329774831
1954,"2017-02-06",-0.393102586646732
1955,"2017-02-07",-0.0522559433150413
1956,"2017-02-08",0.0167634551551037
1957,"2017-02-09",0.723571150040262
1958,"2017-02-10",0.432802369887014
1959,"2017-02-13",0.658859059384317
1960,"2017-02-14",0.493790064063571
1961,"2017-02-15",0.625846477326047
1962,"2017-02-16",-0.212851969922285
1963,"2017-02-17",0.162023110101263
1964,"2017-02-21",0.76051854783962
1965,"2017-02-22",-0.244657316644265
1966,"2017-02-23",-0.0238285677652405
1967,"2017-02-24",0.134832844706838
1968,"2017-02-27",0.0647623319570774
1969,"2017-02-28",-0.458134877541752
1970,"2017-03-01",1.51971397790437
1971,"2017-03-02",-0.882711712032405
1972,"2017-03-03",-0.0112672826856347
1973,"2017-03-06",-0.554162846777099
1974,"2017-03-07",-0.504502566785778
1975,"2017-03-08",-0.416940089820396
1976,"2017-03-09",0.0325272013232824
1977,"2017-03-10",0.391129140909229
1978,"2017-03-13",-0.0315749450670192
1979,"2017-03-14",-0.567917599168899
1980,"2017-03-15",1.03057360963353
1981,"2017-03-16",-0.323406624546021
1982,"2017-03-17",-0.278351483912113
1983,"2017-03-20",-0.378147597370872
1984,"2017-03-21",-1.52479403075791
1985,"2017-03-22",0.192954867020815
1986,"2017-03-23",-0.241465082091048
1987,"2017-03-24",-0.209910805486629
1988,"2017-03-27",-0.235539614235936
1989,"2017-03-28",0.904811997647365
1990,"2017-03-29",0.0747072253612601
1991,"2017-03-30",0.34388165820548
1992,"2017-03-31",-0.412832128731289
1993,"2017-04-03",-0.32562044212022
1994,"2017-04-04",-0.00303329162864575
1995,"2017-04-05",-0.523902125349395
1996,"2017-04-06",0.19874168614257
1997,"2017-04-07",-0.207444738043846
1998,"2017-04-10",0.0159296623874262
1999,"2017-04-11",-0.295637516964311
2000,"2017-04-12",-0.618840134150961
2001,"2017-04-13",-0.992859396204854
2002,"2017-04-17",1.0561979734438
2003,"2017-04-18",-0.503128110561292
2004,"2017-04-19",-0.336266850443732
2005,"2017-04-20",0.939895029647791
2006,"2017-04-21",-0.521195709381855
2007,"2017-04-24",1.2779522144692
2008,"2017-04-25",0.765798400259954
2009,"2017-04-26",-0.157378093234876
2010,"2017-04-27",-0.00401025393185866
2011,"2017-04-28",-0.364385158544679
2012,"2017-05-01",0.169898361136618
2013,"2017-05-02",0.0900147041577028
2014,"2017-05-03",-0.272129343947458
2015,"2017-05-04",0.000307903270946974
2016,"2017-05-05",0.504916981027066
2017,"2017-05-08",-0.0802528303898931
2018,"2017-05-09",-0.23636450619023
2019,"2017-05-10",0.0813906474996603
2020,"2017-05-11",-0.399814892828424
2021,"2017-05-12",-0.302067063520883
2022,"2017-05-15",0.597423622727132
2023,"2017-05-16",-0.186913013502369
2024,"2017-05-17",-1.92081098179604
2025,"2017-05-18",0.449597309782644
2026,"2017-05-19",0.847976339487925
2027,"2017-05-22",0.647745013349461
2028,"2017-05-23",0.18535204918281
2029,"2017-05-24",0.279962912607443
2030,"2017-05-25",0.552782692218209
2031,"2017-05-26",-0.0398721527043557
2032,"2017-05-30",-0.262450182707079
2033,"2017-05-31",-0.153594308907005
2034,"2017-06-01",0.941468847290707
2035,"2017-06-02",0.452497740390258
2036,"2017-06-05",-0.264342661258882
2037,"2017-06-06",-0.485981479799166
2038,"2017-06-07",0.145837477191862
2039,"2017-06-08",-0.0462841099524072
2040,"2017-06-09",-0.207862803954305
2041,"2017-06-12",-0.229588686573559
2042,"2017-06-13",0.562120164314555
2043,"2017-06-14",-0.232077229176601
2044,"2017-06-15",-0.410654623509307
2045,"2017-06-16",-0.0438530771689143
2046,"2017-06-19",1.02759340002848
2047,"2017-06-20",-0.979573811840141
2048,"2017-06-21",-0.171619618743229
2049,"2017-06-22",-0.152978604755372
2050,"2017-06-23",0.144759184611658
2051,"2017-06-26",-0.0390952503515266
2052,"2017-06-27",-1.12872665784866
2053,"2017-06-28",1.07683282196308
2054,"2017-06-29",-1.18263767606529
2055,"2017-06-30",0.140692306555009
2056,"2017-07-03",0.254197336425789
2057,"2017-07-05",0.128938336900063
2058,"2017-07-06",-1.25820206408273
2059,"2017-07-07",0.804124395394111
2060,"2017-07-10",0.0514322332853446
2061,"2017-07-11",-0.200942088378012
2062,"2017-07-12",0.911069277983148
2063,"2017-07-13",0.190718958428485
2064,"2017-07-14",0.583752582602091
2065,"2017-07-17",-0.0935998947633555
2066,"2017-07-18",0.0026390044460762
2067,"2017-07-19",0.675211802310755
2068,"2017-07-20",-0.108470623681589
2069,"2017-07-21",-0.140043225302794
2070,"2017-07-24",-0.241969582242561
2071,"2017-07-25",0.342181363983461
2072,"2017-07-26",-0.0439973596323862
2073,"2017-07-27",-0.228702721709023
2074,"2017-07-28",-0.282230507504575
2075,"2017-07-31",-0.192957243802518
2076,"2017-08-01",0.274190575428201
2077,"2017-08-02",-0.0129288350533342
2078,"2017-08-03",-0.402760134702765
2079,"2017-08-04",0.192840523136404
2080,"2017-08-07",0.157424453446939
2081,"2017-08-08",-0.435229191544383
2082,"2017-08-09",-0.139415597773561
2083,"2017-08-10",-1.68091207710835
2084,"2017-08-11",0.102772058385271
2085,"2017-08-14",1.20214144801665
2086,"2017-08-15",-0.159304395874075
2087,"2017-08-16",0.124057560374011
2088,"2017-08-17",-1.74776818873011
2089,"2017-08-18",-0.353291336312194
2090,"2017-08-21",0.0861200793927011
2091,"2017-08-22",1.19206201135688
2092,"2017-08-23",-0.577954832191276
2093,"2017-08-24",-0.387309560641562
2094,"2017-08-25",0.161189229305457
2095,"2017-08-28",-0.0137540158854544
2096,"2017-08-29",0.0388749241736208
2097,"2017-08-30",0.575978821647797
2098,"2017-08-31",0.719589223384702
2099,"2017-09-01",0.206480001907439
2100,"2017-09-05",-1.07360776353782
2101,"2017-09-06",0.37136898287255
2102,"2017-09-07",-0.112125849509685
2103,"2017-09-08",-0.303567916163771
2104,"2017-09-11",1.27788069823246
2105,"2017-09-12",0.404528721260523
2106,"2017-09-13",0.0262008512172497
2107,"2017-09-14",-0.247351547002854
2108,"2017-09-15",0.186713320106659
2109,"2017-09-18",0.129326929966558
2110,"2017-09-19",0.0783787397964466
2111,"2017-09-20",0.00803824495140474
2112,"2017-09-21",-0.522679161371799
2113,"2017-09-22",0.0100276308354627
2114,"2017-09-25",-0.408179987759062
2115,"2017-09-26",-0.0751220815843292
2116,"2017-09-27",0.504432086427399
2117,"2017-09-28",0.0923106556458552
2118,"2017-09-29",0.452134317536423
2119,"2017-10-02",0.475474885437668
2120,"2017-10-03",0.232146558550128
2121,"2017-10-04",0.0985193676733573
2122,"2017-10-05",0.710205544400104
2123,"2017-10-06",-0.243410617877285
2124,"2017-10-09",-0.348872186352004
2125,"2017-10-10",0.255873967593527
2126,"2017-10-11",0.180325192592551
2127,"2017-10-12",-0.332024131245919
2128,"2017-10-13",0.0440918056986826
2129,"2017-10-16",0.172602703990241
2130,"2017-10-17",0.0136945617775404
2131,"2017-10-18",0.0240138369792093
2132,"2017-10-19",-0.0372909194301242
2133,"2017-10-20",0.642113803483411
2134,"2017-10-23",-0.64686247953064
2135,"2017-10-24",0.15312671436502
2136,"2017-10-25",-0.735910686584597
2137,"2017-10-26",0.102090585974184
2138,"2017-10-27",0.997627829331837
2139,"2017-10-30",-0.542661240259948
2140,"2017-10-31",0.0538992242545464
2141,"2017-11-01",0.149339890863902
2142,"2017-11-02",-0.0577074342456119
2143,"2017-11-03",0.366887106010654
2144,"2017-11-06",0.10213554864579
2145,"2017-11-07",-0.113699248264166
2146,"2017-11-08",0.127522684001346
2147,"2017-11-09",-0.619096806986998
2148,"2017-11-10",-0.217749992679211
2149,"2017-11-13",0.0596879948267173
2150,"2017-11-14",-0.420513174932302
2151,"2017-11-15",-0.842695418685988
2152,"2017-11-16",1.01113540596384
2153,"2017-11-17",-0.464757787172765
2154,"2017-11-20",0.102788729000797
2155,"2017-11-21",0.820841365767138
2156,"2017-11-22",-0.19619616647282
2157,"2017-11-24",0.217199778343856
2158,"2017-11-27",-0.142455371313994
2159,"2017-11-28",1.18297576306914
2160,"2017-11-29",-0.140242591591298
2161,"2017-11-30",1.01057665958282
2162,"2017-12-01",-0.380226191590772
2163,"2017-12-04",-0.240283846818304
2164,"2017-12-05",-0.616113104681079
2165,"2017-12-06",-0.10263370575588
2166,"2017-12-07",0.343489704384277
2167,"2017-12-08",0.69233617437322
2168,"2017-12-11",0.381720745149824
2169,"2017-12-12",0.142997458551185
2170,"2017-12-13",-0.155504116232606
2171,"2017-12-14",-0.659736464823642
2172,"2017-12-15",1.09425857203597
2173,"2017-12-18",0.673947485409796
2174,"2017-12-19",-0.547794952230026
2175,"2017-12-20",-0.207556340200888
2176,"2017-12-21",0.206934265806309
2177,"2017-12-22",-0.153329281624944
2178,"2017-12-26",-0.241195100146939
2179,"2017-12-27",0.0312029022481386
2180,"2017-12-28",0.184785648946283
2181,"2017-12-29",-0.800895549299063
2182,"2018-01-02",1.02283324526291
2183,"2018-01-03",0.803600621484104
2184,"2018-01-04",0.496706813488262
2185,"2018-01-05",0.879444551479614
2186,"2018-01-08",0.159645743565618
2187,"2018-01-09",0.106804250608217
2188,"2018-01-10",-0.24902561646827
2189,"2018-01-11",0.879430408264389
2190,"2018-01-12",0.845843769437582
2191,"2018-01-16",-0.587467004241494
2192,"2018-01-17",1.13958611701695
2193,"2018-01-18",-0.32192399281618
2194,"2018-01-19",0.545147866853563
2195,"2018-01-22",0.996933896263652
2196,"2018-01-23",0.234402598365114
2197,"2018-01-24",-0.168291105467772
2198,"2018-01-25",0.0033438974147435
2199,"2018-01-26",1.36813206904739
2200,"2018-01-29",-0.983560264011789
2201,"2018-01-30",-1.39845936259642
2202,"2018-01-31",-0.0134708685830247
2203,"2018-02-01",-0.181222821287774
2204,"2018-02-02",-2.08716590103177
2205,"2018-02-05",-2.80596771490406
2206,"2018-02-06",1.78541189375752
2207,"2018-02-07",-0.778416191880388
2208,"2018-02-08",-2.71077823395292
2209,"2018-02-09",1.61502860381274
2210,"2018-02-12",1.53843138470545
2211,"2018-02-13",0.297785752748141
2212,"2018-02-14",1.49829407151508
2213,"2018-02-15",1.3879032422499
2214,"2018-02-16",-0.0305634107880421
2215,"2018-02-20",-0.880517541099185
2216,"2018-02-21",-0.839166371960729
2217,"2018-02-22",0.0581981873448514
2218,"2018-02-23",1.69219441085682
2219,"2018-02-26",1.36076004609072
2220,"2018-02-27",-1.54852257299688
2221,"2018-02-28",-1.41559496493195
2222,"2018-03-01",-1.59627490013742
2223,"2018-03-02",0.636215843684099
2224,"2018-03-05",1.29567556269915
2225,"2018-03-06",0.301511116824196
2226,"2018-03-07",-0.157109247254677
2227,"2018-03-08",0.555622346120094
2228,"2018-03-09",1.78145975546903
2229,"2018-03-12",-0.272509667418498
2230,"2018-03-13",-0.941587110756589
2231,"2018-03-14",-0.866596060161385
2232,"2018-03-15",-0.200832256016009
2233,"2018-03-16",0.165671947841667
2234,"2018-03-19",-1.66150493702248
2235,"2018-03-20",0.133133439365714
2236,"2018-03-21",-0.354522403370734
2237,"2018-03-22",-2.27363576093304
2238,"2018-03-23",-2.07472597461224
2239,"2018-03-26",2.27998979829622
2240,"2018-03-27",-1.8665000545101
2241,"2018-03-28",-0.504954014073026
2242,"2018-03-29",1.5271991283475
2243,"2018-04-02",-2.14357142567167
2244,"2018-04-03",1.43415368453545
2245,"2018-04-04",1.34393410134107
2246,"2018-04-05",0.859302721671505
2247,"2018-04-06",-2.12304603116712
2248,"2018-04-09",0.400679901618055
2249,"2018-04-10",1.73917565939115
2250,"2018-04-11",-0.842657807851432
2251,"2018-04-12",1.01710730109792
2252,"2018-04-13",-0.500822532446552
2253,"2018-04-16",1.00159235123296
2254,"2018-04-17",1.26127595616004
2255,"2018-04-18",0.037180973187163
2256,"2018-04-19",-0.86678758347095
2257,"2018-04-20",-1.1762368578951
2258,"2018-04-23",-0.077477005217202
2259,"2018-04-24",-1.60053550255097
2260,"2018-04-25",0.185233221731233
2261,"2018-04-26",1.23978018166448
2262,"2018-04-27",0.0788849858728604
2263,"2018-04-30",-1.1406007239944
2264,"2018-05-01",0.288596136749335
2265,"2018-05-02",-1.03621487064872
2266,"2018-05-03",-0.412638647821928
2267,"2018-05-04",1.45042330022581
2268,"2018-05-07",0.417704424889894
2269,"2018-05-08",-0.124984220330634
2270,"2018-05-09",1.16646770065558
2271,"2018-05-10",1.13507457411712
2272,"2018-05-11",0.166279949254638
2273,"2018-05-14",0.0448874909517303
2274,"2018-05-15",-0.995934657123408
2275,"2018-05-16",0.501073674682353
2276,"2018-05-17",-0.211646851366432
2277,"2018-05-18",-0.465624221727757
2278,"2018-05-21",0.920411261708221
2279,"2018-05-22",-0.534943793756912
2280,"2018-05-23",0.388274105817382
2281,"2018-05-24",-0.380039170811847
2282,"2018-05-25",-0.427203936911914
2283,"2018-05-29",-1.4555458359269
2284,"2018-05-30",1.44088360149777
2285,"2018-05-31",-1.00011931133882
2286,"2018-06-01",1.27880283301656
2287,"2018-06-04",0.557840587197792
2288,"2018-06-05",0.0181349204093308
2289,"2018-06-06",1.05129157826583
2290,"2018-06-07",-0.190912557805913
2291,"2018-06-08",0.370969534148646
2292,"2018-06-11",0.0722536987831124
2293,"2018-06-12",0.171523564063183
2294,"2018-06-13",-0.653890279073224
2295,"2018-06-14",0.277427853776067
2296,"2018-06-15",-0.235177579734666
2297,"2018-06-18",-0.394627071658079
2298,"2018-06-19",-0.653533633454706
2299,"2018-06-20",0.166947968355248
2300,"2018-06-21",-0.9395051704147
2301,"2018-06-22",0.188870111587715
2302,"2018-06-25",-1.6263488493126
2303,"2018-06-26",0.238790046371999
2304,"2018-06-27",-1.18307350487517
2305,"2018-06-28",0.776660888730809
2306,"2018-06-29",0.0263905137688229
2307,"2018-07-02",0.362759925373521
2308,"2018-07-03",-0.771657937728553
2309,"2018-07-05",1.05699249880697
2310,"2018-07-06",1.04206082589776
2311,"2018-07-09",1.07840374061483
2312,"2018-07-10",0.419847872486356
2313,"2018-07-11",-1.02394259650416
2314,"2018-07-12",1.07060402630065
2315,"2018-07-13",0.0738084709927204
2316,"2018-07-16",-0.236785128510111
2317,"2018-07-17",0.489178930899877
2318,"2018-07-18",0.232389869616961
2319,"2018-07-19",-0.644304444870206
2320,"2018-07-20",-0.225166524676529
2321,"2018-07-23",0.185378008534805
2322,"2018-07-24",0.598005768897575
2323,"2018-07-25",1.10747494841459
2324,"2018-07-26",-0.520815706855708
2325,"2018-07-27",-0.96433179160643
2326,"2018-07-30",-0.870136569181804
2327,"2018-07-31",0.611713738424751
2328,"2018-08-01",-0.238564605703733
2329,"2018-08-02",0.617202736849264
2330,"2018-08-03",0.579849270876163
2331,"2018-08-06",0.428922305169619
2332,"2018-08-07",0.328059262530123
2333,"2018-08-08",-0.124503531736055
2334,"2018-08-09",-0.296762733773583
2335,"2018-08-10",-1.02611213197096
2336,"2018-08-13",-0.65125443318092
2337,"2018-08-14",0.802437042237528
2338,"2018-08-15",-1.07910857908491
2339,"2018-08-16",0.980620593626819
2340,"2018-08-17",0.398791627777299
2341,"2018-08-20",0.271144609245378
2342,"2018-08-21",0.219011382962388
2343,"2018-08-22",-0.144500318364685
2344,"2018-08-23",-0.332670766833331
2345,"2018-08-24",0.779140624335924
2346,"2018-08-27",0.952714595798574
2347,"2018-08-28",-0.0459773228083236
2348,"2018-08-29",0.717121044506618
2349,"2018-08-30",-0.706249100888582
2350,"2018-08-31",-0.0659117580537814
2351,"2018-09-04",-0.327371351098242
2352,"2018-09-05",-0.489309606253827
2353,"2018-09-06",-0.604539668926523
2354,"2018-09-07",-0.406951743167717
2355,"2018-09-10",0.194114898253083
2356,"2018-09-11",0.456946738956126
2357,"2018-09-12",-0.0330486986516456
2358,"2018-09-13",0.663565593288404
2359,"2018-09-14",-0.0450597798188994
2360,"2018-09-17",-0.848012818510265
2361,"2018-09-18",0.674745783212064
2362,"2018-09-19",0.0994853557154231
2363,"2018-09-20",0.971832789997411
2364,"2018-09-21",-0.140140591597727
2365,"2018-09-24",-0.586287977659774
2366,"2018-09-25",-0.277016598517349
2367,"2018-09-26",-0.55579269935723
2368,"2018-09-27",0.319351260344059
2369,"2018-09-28",-0.0867999071005373
2370,"2018-10-01",0.443249089613318
2371,"2018-10-02",-0.144285187041696
2372,"2018-10-03",0.0194554623899485
2373,"2018-10-04",-1.1387414078583
2374,"2018-10-05",-0.842973773120997
2375,"2018-10-08",-0.144053576420131
2376,"2018-10-09",-0.293330753632224
2377,"2018-10-10",-2.56588762881435
2378,"2018-10-11",-2.05416300090833
2379,"2018-10-12",1.56075765873494
2380,"2018-10-15",-0.88805342297363
2381,"2018-10-16",2.01856494686056
2382,"2018-10-17",-0.123071177660656
2383,"2018-10-18",-1.67501657301568
2384,"2018-10-19",-0.139056557713869
2385,"2018-10-22",-0.689421445322739
2386,"2018-10-23",-0.841021222899397
2387,"2018-10-24",-2.49724402777149
2388,"2018-10-25",1.85840550036712
2389,"2018-10-26",-1.8696334600279
2390,"2018-10-29",-0.964034741191575
2391,"2018-10-30",1.66716478352766
2392,"2018-10-31",1.2789979087986
2393,"2018-11-01",1.2515102070487
2394,"2018-11-02",-0.93617892741933
2395,"2018-11-05",0.704309045161684
2396,"2018-11-06",0.78656398977899
2397,"2018-11-07",2.0035313372037
2398,"2018-11-08",-0.448446857069836
2399,"2018-11-09",-1.24181600931706
2400,"2018-11-12",-2.00734342597889
2401,"2018-11-13",-0.302568623743841
2402,"2018-11-14",-1.07538805142657
2403,"2018-11-15",1.25490028647047
2404,"2018-11-16",0.241508360132037
2405,"2018-11-19",-1.82688518837744
2406,"2018-11-20",-1.91922124607302
2407,"2018-11-21",0.359260619866215
2408,"2018-11-23",-0.963493057015054
2409,"2018-11-26",1.65773287164798
2410,"2018-11-27",0.390146021119544
2411,"2018-11-28",2.0930437475878
2412,"2018-11-29",-0.40268300264877
2413,"2018-11-30",1.00836492004132
2414,"2018-12-03",1.28733659174912
2415,"2018-12-04",-2.54915732463728
2416,"2018-12-06",-0.308377710501422
2417,"2018-12-07",-2.19051727017095
2418,"2018-12-10",0.174272209158817
2419,"2018-12-11",-0.138346363684134
2420,"2018-12-12",0.681229127299592
2421,"2018-12-13",-0.115296162823253
2422,"2018-12-14",-1.97316767604914
2423,"2018-12-17",-2.06467425539415
2424,"2018-12-18",-0.0730184097810246
2425,"2018-12-19",-1.74497393083499
2426,"2018-12-20",-1.77025393830332
2427,"2018-12-21",-2.05496436796775
2428,"2018-12-24",-2.35531893099701
2429,"2018-12-26",2.93400668094564
2430,"2018-12-27",1.05078776285507
2431,"2018-12-28",-0.267812255585632
2432,"2018-12-31",1.04326448259428
